timestamp,gas_m3,elec_kwh,t_indoor
2024-11-01 01:00:00,0.0,0.25,19.87
2024-11-01 02:00:00,0.0,0.25,19.3
2024-11-01 03:00:00,0.0,0.25,19.41
2024-11-01 04:00:00,0.0,0.25,19.23
2024-11-01 05:00:00,0.0,0.25,18.47
2024-11-01 06:00:00,0.0,0.25,18.42
2024-11-01 07:00:00,0.648,0.25,18.79
2024-11-01 08:00:00,0.362,0.25,18.91
2024-11-01 09:00:00,0.309,0.25,19.12
2024-11-01 10:00:00,0.269,0.25,19.06
2024-11-01 11:00:00,0.238,0.25,19.49
2024-11-01 12:00:00,0.215,0.25,19.54
2024-11-01 13:00:00,0.198,0.25,19.44
2024-11-01 14:00:00,0.188,0.25,19.68
2024-11-01 15:00:00,0.18,0.25,19.57
2024-11-01 16:00:00,0.176,0.25,19.32
2024-11-01 17:00:00,0.166,0.65,19.6
2024-11-01 18:00:00,0.149,0.65,19.38
2024-11-01 19:00:00,0.278,0.65,19.78
2024-11-01 20:00:00,0.13,0.65,19.61
2024-11-01 21:00:00,0.125,0.65,19.6
2024-11-01 22:00:00,0.128,0.25,19.48
2024-11-01 23:00:00,0.0,0.25,19.76
2024-11-02 00:00:00,0.0,0.25,19.32
2024-11-02 01:00:00,0.0,0.25,19.11
2024-11-02 02:00:00,0.0,0.25,18.97
2024-11-02 03:00:00,0.0,0.25,19.0
2024-11-02 04:00:00,0.0,0.25,18.83
2024-11-02 05:00:00,0.0,0.25,18.7
2024-11-02 06:00:00,0.0,0.25,18.55
2024-11-02 07:00:00,0.705,0.25,19.04
2024-11-02 08:00:00,0.394,0.25,18.81
2024-11-02 09:00:00,0.323,0.25,18.98
2024-11-02 10:00:00,0.258,0.25,19.12
2024-11-02 11:00:00,0.196,0.25,19.57
2024-11-02 12:00:00,0.152,0.25,19.8
2024-11-02 13:00:00,0.113,0.25,19.66
2024-11-02 14:00:00,0.093,0.25,19.56
2024-11-02 15:00:00,0.097,0.25,19.55
2024-11-02 16:00:00,0.113,0.25,19.79
2024-11-02 17:00:00,0.134,0.65,19.75
2024-11-02 18:00:00,0.155,0.65,19.64
2024-11-02 19:00:00,0.322,0.65,19.32
2024-11-02 20:00:00,0.21,0.65,19.42
2024-11-02 21:00:00,0.232,0.65,19.34
2024-11-02 22:00:00,0.254,0.25,19.29
2024-11-02 23:00:00,0.0,0.25,19.19
2024-11-03 00:00:00,0.0,0.25,18.71
2024-11-03 01:00:00,0.0,0.25,18.45
2024-11-03 02:00:00,0.0,0.25,17.97
2024-11-03 03:00:00,0.0,0.25,17.66
2024-11-03 04:00:00,0.0,0.25,17.37
2024-11-03 05:00:00,0.0,0.25,16.61
2024-11-03 06:00:00,0.0,0.25,16.49
2024-11-03 07:00:00,1.326,0.25,16.77
2024-11-03 08:00:00,0.884,0.25,17.39
2024-11-03 09:00:00,0.698,0.25,17.99
2024-11-03 10:00:00,0.54,0.25,18.79
2024-11-03 11:00:00,0.406,0.25,18.7
2024-11-03 12:00:00,0.297,0.25,19.37
2024-11-03 13:00:00,0.216,0.25,19.07
2024-11-03 14:00:00,0.16,0.25,19.49
2024-11-03 15:00:00,0.128,0.25,19.67
2024-11-03 16:00:00,0.129,0.25,19.73
2024-11-03 17:00:00,0.154,0.65,19.68
2024-11-03 18:00:00,0.184,0.65,19.61
2024-11-03 19:00:00,0.355,0.65,19.29
2024-11-03 20:00:00,0.241,0.65,19.19
2024-11-03 21:00:00,0.255,0.65,19.43
2024-11-03 22:00:00,0.263,0.25,19.19
2024-11-03 23:00:00,0.0,0.25,18.77
2024-11-04 00:00:00,0.0,0.25,18.48
2024-11-04 01:00:00,0.0,0.25,18.19
2024-11-04 02:00:00,0.0,0.25,18.12
2024-11-04 03:00:00,0.0,0.25,17.69
2024-11-04 04:00:00,0.0,0.25,17.44
2024-11-04 05:00:00,0.0,0.25,16.86
2024-11-04 06:00:00,0.0,0.25,16.63
2024-11-04 07:00:00,1.305,0.25,17.06
2024-11-04 08:00:00,0.857,0.25,17.53
2024-11-04 09:00:00,0.668,0.25,18.22
2024-11-04 10:00:00,0.508,0.25,18.45
2024-11-04 11:00:00,0.375,0.25,18.89
2024-11-04 12:00:00,0.271,0.25,19.18
2024-11-04 13:00:00,0.192,0.25,19.23
2024-11-04 14:00:00,0.14,0.25,19.71
2024-11-04 15:00:00,0.116,0.25,19.57
2024-11-04 16:00:00,0.119,0.25,19.65
2024-11-04 17:00:00,0.135,0.65,19.7
2024-11-04 18:00:00,0.148,0.65,19.65
2024-11-04 19:00:00,0.302,0.65,19.66
2024-11-04 20:00:00,0.171,0.65,19.48
2024-11-04 21:00:00,0.181,0.65,19.38
2024-11-04 22:00:00,0.199,0.25,19.39
2024-11-04 23:00:00,0.0,0.25,18.88
2024-11-05 00:00:00,0.0,0.25,18.63
2024-11-05 01:00:00,0.0,0.25,18.36
2024-11-05 02:00:00,0.0,0.25,18.09
2024-11-05 03:00:00,0.0,0.25,18.03
2024-11-05 04:00:00,0.0,0.25,17.42
2024-11-05 05:00:00,0.0,0.25,17.16
2024-11-05 06:00:00,0.0,0.25,17.12
2024-11-05 07:00:00,1.236,0.25,17.04
2024-11-05 08:00:00,0.822,0.25,17.83
2024-11-05 09:00:00,0.651,0.25,17.99
2024-11-05 10:00:00,0.505,0.25,18.54
2024-11-05 11:00:00,0.391,0.25,18.72
2024-11-05 12:00:00,0.3,0.25,19.09
2024-11-05 13:00:00,0.233,0.25,19.51
2024-11-05 14:00:00,0.188,0.25,19.12
2024-11-05 15:00:00,0.166,0.25,19.61
2024-11-05 16:00:00,0.171,0.25,19.54
2024-11-05 17:00:00,0.187,0.65,19.33
2024-11-05 18:00:00,0.198,0.65,19.12
2024-11-05 19:00:00,0.353,0.65,19.39
2024-11-05 20:00:00,0.223,0.65,19.24
2024-11-05 21:00:00,0.229,0.65,19.38
2024-11-05 22:00:00,0.237,0.25,19.31
2024-11-05 23:00:00,0.0,0.25,19.45
2024-11-06 00:00:00,0.0,0.25,18.81
2024-11-06 01:00:00,0.0,0.25,18.39
2024-11-06 02:00:00,0.0,0.25,18.38
2024-11-06 03:00:00,0.0,0.25,18.15
2024-11-06 04:00:00,0.0,0.25,18.14
2024-11-06 05:00:00,0.0,0.25,17.81
2024-11-06 06:00:00,0.0,0.25,17.5
2024-11-06 07:00:00,1.026,0.25,18.01
2024-11-06 08:00:00,0.638,0.25,17.97
2024-11-06 09:00:00,0.511,0.25,18.43
2024-11-06 10:00:00,0.417,0.25,18.63
2024-11-06 11:00:00,0.349,0.25,18.93
2024-11-06 12:00:00,0.297,0.25,18.88
2024-11-06 13:00:00,0.258,0.25,19.39
2024-11-06 14:00:00,0.233,0.25,19.29
2024-11-06 15:00:00,0.217,0.25,19.08
2024-11-06 16:00:00,0.212,0.25,19.18
2024-11-06 17:00:00,0.206,0.65,19.47
2024-11-06 18:00:00,0.195,0.65,19.6
2024-11-06 19:00:00,0.33,0.65,19.85
2024-11-06 20:00:00,0.187,0.65,20.04
2024-11-06 21:00:00,0.187,0.65,19.54
2024-11-06 22:00:00,0.195,0.25,19.22
2024-11-06 23:00:00,0.0,0.25,18.83
2024-11-07 00:00:00,0.0,0.25,19.07
2024-11-07 01:00:00,0.0,0.25,18.62
2024-11-07 02:00:00,0.0,0.25,18.46
2024-11-07 03:00:00,0.0,0.25,18.19
2024-11-07 04:00:00,0.0,0.25,18.06
2024-11-07 05:00:00,0.0,0.25,18.07
2024-11-07 06:00:00,0.0,0.25,17.66
2024-11-07 07:00:00,0.973,0.25,17.83
2024-11-07 08:00:00,0.613,0.25,18.06
2024-11-07 09:00:00,0.513,0.25,18.21
2024-11-07 10:00:00,0.444,0.25,18.63
2024-11-07 11:00:00,0.397,0.25,18.85
2024-11-07 12:00:00,0.364,0.25,19.3
2024-11-07 13:00:00,0.341,0.25,19.04
2024-11-07 14:00:00,0.326,0.25,19.25
2024-11-07 15:00:00,0.319,0.25,18.97
2024-11-07 16:00:00,0.318,0.25,18.83
2024-11-07 17:00:00,0.316,0.65,18.89
2024-11-07 18:00:00,0.308,0.65,18.96
2024-11-07 19:00:00,0.446,0.65,19.53
2024-11-07 20:00:00,0.304,0.65,18.95
2024-11-07 21:00:00,0.301,0.65,19.29
2024-11-07 22:00:00,0.302,0.25,18.93
2024-11-07 23:00:00,0.0,0.25,19.1
2024-11-08 00:00:00,0.0,0.25,18.67
2024-11-08 01:00:00,0.0,0.25,18.25
2024-11-08 02:00:00,0.0,0.25,17.97
2024-11-08 03:00:00,0.0,0.25,17.55
2024-11-08 04:00:00,0.0,0.25,17.48
2024-11-08 05:00:00,0.0,0.25,17.01
2024-11-08 06:00:00,0.0,0.25,16.58
2024-11-08 07:00:00,1.222,0.25,16.91
2024-11-08 08:00:00,0.797,0.25,17.79
2024-11-08 09:00:00,0.649,0.25,18.48
2024-11-08 10:00:00,0.543,0.25,18.49
2024-11-08 11:00:00,0.468,0.25,18.64
2024-11-08 12:00:00,0.415,0.25,18.87
2024-11-08 13:00:00,0.378,0.25,19.17
2024-11-08 14:00:00,0.355,0.25,19.02
2024-11-08 15:00:00,0.341,0.25,18.93
2024-11-08 16:00:00,0.333,0.25,19.25
2024-11-08 17:00:00,0.321,0.65,19.16
2024-11-08 18:00:00,0.304,0.65,19.43
2024-11-08 19:00:00,0.432,0.65,19.19
2024-11-08 20:00:00,0.283,0.65,18.93
2024-11-08 21:00:00,0.276,0.65,18.92
2024-11-08 22:00:00,0.278,0.25,19.51
2024-11-08 23:00:00,0.0,0.25,19.34
2024-11-09 00:00:00,0.0,0.25,18.66
2024-11-09 01:00:00,0.0,0.25,18.33
2024-11-09 02:00:00,0.0,0.25,18.42
2024-11-09 03:00:00,0.0,0.25,17.63
2024-11-09 04:00:00,0.0,0.25,17.41
2024-11-09 05:00:00,0.0,0.25,17.46
2024-11-09 06:00:00,0.0,0.25,16.99
2024-11-09 07:00:00,1.143,0.25,17.39
2024-11-09 08:00:00,0.734,0.25,17.9
2024-11-09 09:00:00,0.597,0.25,18.38
2024-11-09 10:00:00,0.499,0.25,18.87
2024-11-09 11:00:00,0.426,0.25,18.81
2024-11-09 12:00:00,0.372,0.25,19.06
2024-11-09 13:00:00,0.334,0.25,18.63
2024-11-09 14:00:00,0.306,0.25,19.11
2024-11-09 15:00:00,0.288,0.25,18.99
2024-11-09 16:00:00,0.28,0.25,18.94
2024-11-09 17:00:00,0.267,0.65,19.05
2024-11-09 18:00:00,0.248,0.65,19.22
2024-11-09 19:00:00,0.375,0.65,19.5
2024-11-09 20:00:00,0.226,0.65,19.08
2024-11-09 21:00:00,0.22,0.65,19.37
2024-11-09 22:00:00,0.222,0.25,19.25
2024-11-09 23:00:00,0.0,0.25,19.13
2024-11-10 00:00:00,0.0,0.25,19.15
2024-11-10 01:00:00,0.0,0.25,18.82
2024-11-10 02:00:00,0.0,0.25,18.75
2024-11-10 03:00:00,0.0,0.25,18.24
2024-11-10 04:00:00,0.0,0.25,17.91
2024-11-10 05:00:00,0.0,0.25,17.8
2024-11-10 06:00:00,0.0,0.25,17.69
2024-11-10 07:00:00,0.961,0.25,17.93
2024-11-10 08:00:00,0.593,0.25,18.11
2024-11-10 09:00:00,0.486,0.25,18.64
2024-11-10 10:00:00,0.406,0.25,18.89
2024-11-10 11:00:00,0.341,0.25,19.54
2024-11-10 12:00:00,0.287,0.25,19.56
2024-11-10 13:00:00,0.245,0.25,19.13
2024-11-10 14:00:00,0.215,0.25,19.33
2024-11-10 15:00:00,0.197,0.25,19.14
2024-11-10 16:00:00,0.19,0.25,19.33
2024-11-10 17:00:00,0.183,0.65,19.53
2024-11-10 18:00:00,0.172,0.65,19.74
2024-11-10 19:00:00,0.304,0.65,19.38
2024-11-10 20:00:00,0.159,0.65,19.41
2024-11-10 21:00:00,0.156,0.65,19.12
2024-11-10 22:00:00,0.161,0.25,19.49
2024-11-10 23:00:00,0.0,0.25,19.16
2024-11-11 00:00:00,0.0,0.25,19.04
2024-11-11 01:00:00,0.0,0.25,18.75
2024-11-11 02:00:00,0.0,0.25,18.71
2024-11-11 03:00:00,0.0,0.25,18.19
2024-11-11 04:00:00,0.0,0.25,18.07
2024-11-11 05:00:00,0.0,0.25,18.62
2024-11-11 06:00:00,0.0,0.25,17.77
2024-11-11 07:00:00,0.835,0.25,18.03
2024-11-11 08:00:00,0.488,0.25,19.0
2024-11-11 09:00:00,0.386,0.25,19.5
2024-11-11 10:00:00,0.298,0.25,18.94
2024-11-11 11:00:00,0.221,0.25,19.32
2024-11-11 12:00:00,0.172,0.25,19.58
2024-11-11 13:00:00,0.146,0.25,19.93
2024-11-11 14:00:00,0.123,0.25,19.45
2024-11-11 15:00:00,0.122,0.25,19.58
2024-11-11 16:00:00,0.142,0.25,19.73
2024-11-11 17:00:00,0.151,0.65,19.65
2024-11-11 18:00:00,0.15,0.65,19.49
2024-11-11 19:00:00,0.287,0.65,19.55
2024-11-11 20:00:00,0.144,0.65,19.3
2024-11-11 21:00:00,0.145,0.65,19.53
2024-11-11 22:00:00,0.154,0.25,19.49
2024-11-11 23:00:00,0.0,0.25,19.46
2024-11-12 00:00:00,0.0,0.25,19.11
2024-11-12 01:00:00,0.0,0.25,19.12
2024-11-12 02:00:00,0.0,0.25,19.05
2024-11-12 03:00:00,0.0,0.25,18.69
2024-11-12 04:00:00,0.0,0.25,18.54
2024-11-12 05:00:00,0.0,0.25,18.28
2024-11-12 06:00:00,0.0,0.25,18.08
2024-11-12 07:00:00,0.829,0.25,18.12
2024-11-12 08:00:00,0.497,0.25,18.66
2024-11-12 09:00:00,0.413,0.25,18.81
2024-11-12 10:00:00,0.346,0.25,19.44
2024-11-12 11:00:00,0.281,0.25,19.52
2024-11-12 12:00:00,0.223,0.25,19.45
2024-11-12 13:00:00,0.183,0.25,19.33
2024-11-12 14:00:00,0.164,0.25,19.3
2024-11-12 15:00:00,0.161,0.25,19.77
2024-11-12 16:00:00,0.173,0.25,19.54
2024-11-12 17:00:00,0.188,0.65,19.54
2024-11-12 18:00:00,0.198,0.65,19.07
2024-11-12 19:00:00,0.351,0.65,19.56
2024-11-12 20:00:00,0.232,0.65,19.4
2024-11-12 21:00:00,0.259,0.65,19.01
2024-11-12 22:00:00,0.28,0.25,19.08
2024-11-12 23:00:00,0.0,0.25,19.03
2024-11-13 00:00:00,0.0,0.25,18.69
2024-11-13 01:00:00,0.0,0.25,18.31
2024-11-13 02:00:00,0.0,0.25,18.05
2024-11-13 03:00:00,0.0,0.25,17.72
2024-11-13 04:00:00,0.0,0.25,17.5
2024-11-13 05:00:00,0.0,0.25,17.46
2024-11-13 06:00:00,0.0,0.25,16.36
2024-11-13 07:00:00,1.216,0.25,17.13
2024-11-13 08:00:00,0.793,0.25,17.8
2024-11-13 09:00:00,0.631,0.25,18.29
2024-11-13 10:00:00,0.499,0.25,18.52
2024-11-13 11:00:00,0.395,0.25,18.54
2024-11-13 12:00:00,0.317,0.25,19.17
2024-11-13 13:00:00,0.26,0.25,19.61
2024-11-13 14:00:00,0.219,0.25,19.07
2024-11-13 15:00:00,0.193,0.25,19.62
2024-11-13 16:00:00,0.184,0.25,19.4
2024-11-13 17:00:00,0.177,0.65,19.48
2024-11-13 18:00:00,0.165,0.65,19.31
2024-11-13 19:00:00,0.295,0.65,19.48
2024-11-13 20:00:00,0.149,0.65,19.83
2024-11-13 21:00:00,0.145,0.65,19.69
2024-11-13 22:00:00,0.148,0.25,19.91
2024-11-13 23:00:00,0.0,0.25,19.68
2024-11-14 00:00:00,0.0,0.25,19.36
2024-11-14 01:00:00,0.0,0.25,19.45
2024-11-14 02:00:00,0.0,0.25,19.02
2024-11-14 03:00:00,0.0,0.25,18.94
2024-11-14 04:00:00,0.0,0.25,18.55
2024-11-14 05:00:00,0.0,0.25,18.47
2024-11-14 06:00:00,0.0,0.25,18.17
2024-11-14 07:00:00,0.75,0.25,18.68
2024-11-14 08:00:00,0.428,0.25,18.56
2024-11-14 09:00:00,0.35,0.25,19.17
2024-11-14 10:00:00,0.292,0.25,19.13
2024-11-14 11:00:00,0.25,0.25,19.52
2024-11-14 12:00:00,0.22,0.25,19.52
2024-11-14 13:00:00,0.195,0.25,19.8
2024-11-14 14:00:00,0.175,0.25,19.65
2024-11-14 15:00:00,0.166,0.25,19.2
2024-11-14 16:00:00,0.172,0.25,19.48
2024-11-14 17:00:00,0.176,0.65,19.25
2024-11-14 18:00:00,0.174,0.65,19.39
2024-11-14 19:00:00,0.318,0.65,19.78
2024-11-14 20:00:00,0.184,0.65,19.59
2024-11-14 21:00:00,0.192,0.65,19.3
2024-11-14 22:00:00,0.206,0.25,19.19
2024-11-14 23:00:00,0.0,0.25,19.24
2024-11-15 00:00:00,0.0,0.25,18.74
2024-11-15 01:00:00,0.0,0.25,18.56
2024-11-15 02:00:00,0.0,0.25,18.45
2024-11-15 03:00:00,0.0,0.25,18.35
2024-11-15 04:00:00,0.0,0.25,17.99
2024-11-15 05:00:00,0.0,0.25,17.18
2024-11-15 06:00:00,0.0,0.25,17.5
2024-11-15 07:00:00,1.022,0.25,17.74
2024-11-15 08:00:00,0.633,0.25,18.31
2024-11-15 09:00:00,0.505,0.25,18.9
2024-11-15 10:00:00,0.412,0.25,18.42
2024-11-15 11:00:00,0.342,0.25,18.91
2024-11-15 12:00:00,0.29,0.25,19.29
2024-11-15 13:00:00,0.255,0.25,18.95
2024-11-15 14:00:00,0.233,0.25,19.62
2024-11-15 15:00:00,0.22,0.25,19.44
2024-11-15 16:00:00,0.213,0.25,19.55
2024-11-15 17:00:00,0.203,0.65,19.3
2024-11-15 18:00:00,0.19,0.65,19.61
2024-11-15 19:00:00,0.322,0.65,19.68
2024-11-15 20:00:00,0.179,0.65,19.53
2024-11-15 21:00:00,0.177,0.65,19.53
2024-11-15 22:00:00,0.183,0.25,19.51
2024-11-15 23:00:00,0.0,0.25,19.14
2024-11-16 00:00:00,0.0,0.25,19.08
2024-11-16 01:00:00,0.0,0.25,18.87
2024-11-16 02:00:00,0.0,0.25,18.78
2024-11-16 03:00:00,0.0,0.25,18.7
2024-11-16 04:00:00,0.0,0.25,18.09
2024-11-16 05:00:00,0.0,0.25,18.08
2024-11-16 06:00:00,0.0,0.25,18.2
2024-11-16 07:00:00,0.884,0.25,17.96
2024-11-16 08:00:00,0.535,0.25,18.33
2024-11-16 09:00:00,0.44,0.25,18.79
2024-11-16 10:00:00,0.373,0.25,19.11
2024-11-16 11:00:00,0.325,0.25,19.07
2024-11-16 12:00:00,0.288,0.25,19.44
2024-11-16 13:00:00,0.261,0.25,19.42
2024-11-16 14:00:00,0.244,0.25,19.46
2024-11-16 15:00:00,0.237,0.25,19.42
2024-11-16 16:00:00,0.236,0.25,19.77
2024-11-16 17:00:00,0.231,0.65,19.29
2024-11-16 18:00:00,0.218,0.65,18.97
2024-11-16 19:00:00,0.348,0.65,19.72
2024-11-16 20:00:00,0.2,0.65,19.33
2024-11-16 21:00:00,0.193,0.65,19.46
2024-11-16 22:00:00,0.193,0.25,19.7
2024-11-16 23:00:00,0.0,0.25,18.98
2024-11-17 00:00:00,0.0,0.25,18.85
2024-11-17 01:00:00,0.0,0.25,18.58
2024-11-17 02:00:00,0.0,0.25,18.54
2024-11-17 03:00:00,0.0,0.25,18.6
2024-11-17 04:00:00,0.0,0.25,18.42
2024-11-17 05:00:00,0.0,0.25,18.17
2024-11-17 06:00:00,0.0,0.25,17.64
2024-11-17 07:00:00,0.876,0.25,17.67
2024-11-17 08:00:00,0.533,0.25,18.5
2024-11-17 09:00:00,0.446,0.25,18.64
2024-11-17 10:00:00,0.379,0.25,19.02
2024-11-17 11:00:00,0.314,0.25,19.26
2024-11-17 12:00:00,0.258,0.25,19.29
2024-11-17 13:00:00,0.23,0.25,19.49
2024-11-17 14:00:00,0.218,0.25,19.41
2024-11-17 15:00:00,0.222,0.25,19.45
2024-11-17 16:00:00,0.236,0.25,19.17
2024-11-17 17:00:00,0.234,0.65,19.29
2024-11-17 18:00:00,0.228,0.65,19.38
2024-11-17 19:00:00,0.368,0.65,19.5
2024-11-17 20:00:00,0.231,0.65,19.24
2024-11-17 21:00:00,0.236,0.65,19.41
2024-11-17 22:00:00,0.248,0.25,19.21
2024-11-17 23:00:00,0.0,0.25,19.04
2024-11-18 00:00:00,0.0,0.25,18.92
2024-11-18 01:00:00,0.0,0.25,18.05
2024-11-18 02:00:00,0.0,0.25,17.9
2024-11-18 03:00:00,0.0,0.25,17.58
2024-11-18 04:00:00,0.0,0.25,17.13
2024-11-18 05:00:00,0.0,0.25,17.18
2024-11-18 06:00:00,0.0,0.25,17.2
2024-11-18 07:00:00,1.159,0.25,17.28
2024-11-18 08:00:00,0.758,0.25,17.9
2024-11-18 09:00:00,0.619,0.25,18.47
2024-11-18 10:00:00,0.51,0.25,18.82
2024-11-18 11:00:00,0.424,0.25,18.79
2024-11-18 12:00:00,0.359,0.25,19.25
2024-11-18 13:00:00,0.312,0.25,19.13
2024-11-18 14:00:00,0.282,0.25,19.02
2024-11-18 15:00:00,0.269,0.25,19.1
2024-11-18 16:00:00,0.269,0.25,18.91
2024-11-18 17:00:00,0.274,0.65,19.02
2024-11-18 18:00:00,0.275,0.65,19.12
2024-11-18 19:00:00,0.419,0.65,19.34
2024-11-18 20:00:00,0.286,0.65,19.51
2024-11-18 21:00:00,0.29,0.65,18.88
2024-11-18 22:00:00,0.296,0.25,19.21
2024-11-18 23:00:00,0.0,0.25,18.72
2024-11-19 00:00:00,0.0,0.25,18.72
2024-11-19 01:00:00,0.0,0.25,18.3
2024-11-19 02:00:00,0.0,0.25,17.67
2024-11-19 03:00:00,0.0,0.25,17.95
2024-11-19 04:00:00,0.0,0.25,17.39
2024-11-19 05:00:00,0.0,0.25,17.15
2024-11-19 06:00:00,0.0,0.25,16.8
2024-11-19 07:00:00,1.164,0.25,17.2
2024-11-19 08:00:00,0.759,0.25,17.94
2024-11-19 09:00:00,0.636,0.25,18.15
2024-11-19 10:00:00,0.552,0.25,18.49
2024-11-19 11:00:00,0.493,0.25,18.66
2024-11-19 12:00:00,0.452,0.25,18.96
2024-11-19 13:00:00,0.422,0.25,18.71
2024-11-19 14:00:00,0.395,0.25,18.56
2024-11-19 15:00:00,0.373,0.25,19.13
2024-11-19 16:00:00,0.365,0.25,18.87
2024-11-19 17:00:00,0.357,0.65,19.19
2024-11-19 18:00:00,0.348,0.65,19.06
2024-11-19 19:00:00,0.49,0.65,18.95
2024-11-19 20:00:00,0.351,0.65,19.05
2024-11-19 21:00:00,0.35,0.65,19.37
2024-11-19 22:00:00,0.354,0.25,19.38
2024-11-19 23:00:00,0.0,0.25,18.75
2024-11-20 00:00:00,0.0,0.25,18.38
2024-11-20 01:00:00,0.0,0.25,18.21
2024-11-20 02:00:00,0.0,0.25,17.5
2024-11-20 03:00:00,0.0,0.25,17.42
2024-11-20 04:00:00,0.0,0.25,17.04
2024-11-20 05:00:00,0.0,0.25,16.8
2024-11-20 06:00:00,0.0,0.25,16.28
2024-11-20 07:00:00,1.339,0.25,16.52
2024-11-20 08:00:00,0.884,0.25,17.1
2024-11-20 09:00:00,0.721,0.25,17.73
2024-11-20 10:00:00,0.611,0.25,18.17
2024-11-20 11:00:00,0.531,0.25,18.42
2024-11-20 12:00:00,0.484,0.25,18.99
2024-11-20 13:00:00,0.453,0.25,18.92
2024-11-20 14:00:00,0.418,0.25,18.6
2024-11-20 15:00:00,0.383,0.25,18.97
2024-11-20 16:00:00,0.359,0.25,18.87
2024-11-20 17:00:00,0.348,0.65,18.94
2024-11-20 18:00:00,0.341,0.65,19.04
2024-11-20 19:00:00,0.487,0.65,19.11
2024-11-20 20:00:00,0.35,0.65,18.91
2024-11-20 21:00:00,0.35,0.65,19.19
2024-11-20 22:00:00,0.349,0.25,18.75
2024-11-20 23:00:00,0.0,0.25,18.75
2024-11-21 00:00:00,0.0,0.25,18.88
2024-11-21 01:00:00,0.0,0.25,18.01
2024-11-21 02:00:00,0.0,0.25,17.88
2024-11-21 03:00:00,0.0,0.25,17.25
2024-11-21 04:00:00,0.0,0.25,16.99
2024-11-21 05:00:00,0.0,0.25,16.52
2024-11-21 06:00:00,0.0,0.25,16.17
2024-11-21 07:00:00,1.421,0.25,16.45
2024-11-21 08:00:00,0.956,0.25,17.39
2024-11-21 09:00:00,0.779,0.25,17.62
2024-11-21 10:00:00,0.646,0.25,18.3
2024-11-21 11:00:00,0.542,0.25,18.68
2024-11-21 12:00:00,0.461,0.25,18.76
2024-11-21 13:00:00,0.403,0.25,18.78
2024-11-21 14:00:00,0.372,0.25,19.02
2024-11-21 15:00:00,0.358,0.25,18.89
2024-11-21 16:00:00,0.366,0.25,19.11
2024-11-21 17:00:00,0.374,0.65,18.55
2024-11-21 18:00:00,0.374,0.65,18.83
2024-11-21 19:00:00,0.527,0.65,18.47
2024-11-21 20:00:00,0.399,0.65,18.53
2024-11-21 21:00:00,0.41,0.65,19.07
2024-11-21 22:00:00,0.425,0.25,18.93
2024-11-21 23:00:00,0.0,0.25,18.32
2024-11-22 00:00:00,0.0,0.25,17.75
2024-11-22 01:00:00,0.0,0.25,17.07
2024-11-22 02:00:00,0.0,0.25,17.18
2024-11-22 03:00:00,0.0,0.25,17.41
2024-11-22 04:00:00,0.0,0.25,16.65
2024-11-22 05:00:00,0.0,0.25,16.11
2024-11-22 06:00:00,0.017,0.25,16.02
2024-11-22 07:00:00,1.492,0.25,16.11
2024-11-22 08:00:00,0.993,0.25,17.15
2024-11-22 09:00:00,0.79,0.25,17.79
2024-11-22 10:00:00,0.646,0.25,18.15
2024-11-22 11:00:00,0.535,0.25,18.65
2024-11-22 12:00:00,0.445,0.25,18.8
2024-11-22 13:00:00,0.394,0.25,19.0
2024-11-22 14:00:00,0.366,0.25,18.81
2024-11-22 15:00:00,0.342,0.25,19.19
2024-11-22 16:00:00,0.333,0.25,19.35
2024-11-22 17:00:00,0.327,0.65,18.86
2024-11-22 18:00:00,0.315,0.65,18.91
2024-11-22 19:00:00,0.447,0.65,19.37
2024-11-22 20:00:00,0.302,0.65,19.08
2024-11-22 21:00:00,0.298,0.65,19.41
2024-11-22 22:00:00,0.302,0.25,19.02
2024-11-22 23:00:00,0.0,0.25,19.18
2024-11-23 00:00:00,0.0,0.25,18.56
2024-11-23 01:00:00,0.0,0.25,18.23
2024-11-23 02:00:00,0.0,0.25,18.13
2024-11-23 03:00:00,0.0,0.25,17.41
2024-11-23 04:00:00,0.0,0.25,16.96
2024-11-23 05:00:00,0.0,0.25,16.73
2024-11-23 06:00:00,0.0,0.25,16.58
2024-11-23 07:00:00,1.338,0.25,16.52
2024-11-23 08:00:00,0.894,0.25,17.61
2024-11-23 09:00:00,0.729,0.25,17.83
2024-11-23 10:00:00,0.609,0.25,18.5
2024-11-23 11:00:00,0.518,0.25,18.04
2024-11-23 12:00:00,0.45,0.25,18.56
2024-11-23 13:00:00,0.401,0.25,18.51
2024-11-23 14:00:00,0.368,0.25,18.77
2024-11-23 15:00:00,0.345,0.25,19.05
2024-11-23 16:00:00,0.329,0.25,19.01
2024-11-23 17:00:00,0.307,0.65,19.07
2024-11-23 18:00:00,0.286,0.65,19.14
2024-11-23 19:00:00,0.418,0.65,19.23
2024-11-23 20:00:00,0.268,0.65,19.02
2024-11-23 21:00:00,0.254,0.65,19.41
2024-11-23 22:00:00,0.242,0.25,19.43
2024-11-23 23:00:00,0.0,0.25,19.27
2024-11-24 00:00:00,0.0,0.25,19.11
2024-11-24 01:00:00,0.0,0.25,18.87
2024-11-24 02:00:00,0.0,0.25,19.04
2024-11-24 03:00:00,0.0,0.25,18.46
2024-11-24 04:00:00,0.0,0.25,18.28
2024-11-24 05:00:00,0.0,0.25,18.06
2024-11-24 06:00:00,0.0,0.25,17.88
2024-11-24 07:00:00,0.806,0.25,18.09
2024-11-24 08:00:00,0.453,0.25,18.55
2024-11-24 09:00:00,0.352,0.25,19.0
2024-11-24 10:00:00,0.274,0.25,19.3
2024-11-24 11:00:00,0.212,0.25,19.42
2024-11-24 12:00:00,0.152,0.25,19.43
2024-11-24 13:00:00,0.098,0.25,19.91
2024-11-24 14:00:00,0.065,0.25,19.97
2024-11-24 15:00:00,0.049,0.25,19.83
2024-11-24 16:00:00,0.043,0.25,19.74
2024-11-24 17:00:00,0.038,0.65,20.01
2024-11-24 18:00:00,0.027,0.65,19.96
2024-11-24 19:00:00,0.159,0.65,19.66
2024-11-24 20:00:00,0.013,0.65,19.95
2024-11-24 21:00:00,0.01,0.65,20.03
2024-11-24 22:00:00,0.012,0.25,19.78
2024-11-24 23:00:00,0.0,0.25,19.97
2024-11-25 00:00:00,0.0,0.25,19.59
2024-11-25 01:00:00,0.0,0.25,20.1
2024-11-25 02:00:00,0.0,0.25,20.04
2024-11-25 03:00:00,0.0,0.25,19.69
2024-11-25 04:00:00,0.0,0.25,19.76
2024-11-25 05:00:00,0.0,0.25,19.15
2024-11-25 06:00:00,0.0,0.25,19.34
2024-11-25 07:00:00,0.352,0.25,19.54
2024-11-25 08:00:00,0.117,0.25,19.45
2024-11-25 09:00:00,0.105,0.25,19.84
2024-11-25 10:00:00,0.113,0.25,20.06
2024-11-25 11:00:00,0.13,0.25,19.38
2024-11-25 12:00:00,0.143,0.25,19.41
2024-11-25 13:00:00,0.154,0.25,19.59
2024-11-25 14:00:00,0.165,0.25,19.83
2024-11-25 15:00:00,0.176,0.25,19.24
2024-11-25 16:00:00,0.186,0.25,19.5
2024-11-25 17:00:00,0.184,0.65,19.83
2024-11-25 18:00:00,0.172,0.65,19.17
2024-11-25 19:00:00,0.305,0.65,19.26
2024-11-25 20:00:00,0.164,0.65,19.43
2024-11-25 21:00:00,0.166,0.65,19.41
2024-11-25 22:00:00,0.176,0.25,19.64
2024-11-25 23:00:00,0.0,0.25,19.37
2024-11-26 00:00:00,0.0,0.25,18.73
2024-11-26 01:00:00,0.0,0.25,18.96
2024-11-26 02:00:00,0.0,0.25,18.51
2024-11-26 03:00:00,0.0,0.25,18.64
2024-11-26 04:00:00,0.0,0.25,18.03
2024-11-26 05:00:00,0.0,0.25,17.79
2024-11-26 06:00:00,0.0,0.25,17.8
2024-11-26 07:00:00,0.953,0.25,18.07
2024-11-26 08:00:00,0.591,0.25,18.42
2024-11-26 09:00:00,0.482,0.25,18.3
2024-11-26 10:00:00,0.397,0.25,18.98
2024-11-26 11:00:00,0.326,0.25,18.87
2024-11-26 12:00:00,0.274,0.25,19.27
2024-11-26 13:00:00,0.241,0.25,19.02
2024-11-26 14:00:00,0.219,0.25,19.46
2024-11-26 15:00:00,0.21,0.25,19.23
2024-11-26 16:00:00,0.214,0.25,19.11
2024-11-26 17:00:00,0.217,0.65,19.51
2024-11-26 18:00:00,0.215,0.65,19.42
2024-11-26 19:00:00,0.356,0.65,19.24
2024-11-26 20:00:00,0.223,0.65,19.64
2024-11-26 21:00:00,0.229,0.65,19.24
2024-11-26 22:00:00,0.245,0.25,19.28
2024-11-26 23:00:00,0.0,0.25,19.09
2024-11-27 00:00:00,0.0,0.25,18.57
2024-11-27 01:00:00,0.0,0.25,18.46
2024-11-27 02:00:00,0.0,0.25,17.95
2024-11-27 03:00:00,0.0,0.25,17.68
2024-11-27 04:00:00,0.0,0.25,17.77
2024-11-27 05:00:00,0.0,0.25,17.04
2024-11-27 06:00:00,0.0,0.25,16.54
2024-11-27 07:00:00,1.151,0.25,17.69
2024-11-27 08:00:00,0.729,0.25,18.46
2024-11-27 09:00:00,0.583,0.25,18.27
2024-11-27 10:00:00,0.478,0.25,18.26
2024-11-27 11:00:00,0.398,0.25,18.81
2024-11-27 12:00:00,0.334,0.25,19.0
2024-11-27 13:00:00,0.283,0.25,19.16
2024-11-27 14:00:00,0.248,0.25,19.06
2024-11-27 15:00:00,0.227,0.25,19.46
2024-11-27 16:00:00,0.216,0.25,19.47
2024-11-27 17:00:00,0.211,0.65,19.09
2024-11-27 18:00:00,0.204,0.65,19.55
2024-11-27 19:00:00,0.342,0.65,19.82
2024-11-27 20:00:00,0.202,0.65,19.45
2024-11-27 21:00:00,0.203,0.65,19.34
2024-11-27 22:00:00,0.208,0.25,19.36
2024-11-27 23:00:00,0.0,0.25,19.35
2024-11-28 00:00:00,0.0,0.25,18.63
2024-11-28 01:00:00,0.0,0.25,18.77
2024-11-28 02:00:00,0.0,0.25,18.42
2024-11-28 03:00:00,0.0,0.25,18.63
2024-11-28 04:00:00,0.0,0.25,17.97
2024-11-28 05:00:00,0.0,0.25,18.1
2024-11-28 06:00:00,0.0,0.25,17.3
2024-11-28 07:00:00,1.008,0.25,17.88
2024-11-28 08:00:00,0.636,0.25,18.27
2024-11-28 09:00:00,0.519,0.25,18.36
2024-11-28 10:00:00,0.423,0.25,18.84
2024-11-28 11:00:00,0.346,0.25,19.26
2024-11-28 12:00:00,0.289,0.25,19.11
2024-11-28 13:00:00,0.247,0.25,18.96
2024-11-28 14:00:00,0.219,0.25,19.36
2024-11-28 15:00:00,0.213,0.25,19.19
2024-11-28 16:00:00,0.223,0.25,19.27
2024-11-28 17:00:00,0.231,0.65,19.31
2024-11-28 18:00:00,0.234,0.65,18.97
2024-11-28 19:00:00,0.382,0.65,18.97
2024-11-28 20:00:00,0.251,0.65,19.36
2024-11-28 21:00:00,0.258,0.65,19.14
2024-11-28 22:00:00,0.265,0.25,18.71
2024-11-28 23:00:00,0.0,0.25,19.19
2024-11-29 00:00:00,0.0,0.25,18.78
2024-11-29 01:00:00,0.0,0.25,18.27
2024-11-29 02:00:00,0.0,0.25,17.83
2024-11-29 03:00:00,0.0,0.25,17.93
2024-11-29 04:00:00,0.0,0.25,17.47
2024-11-29 05:00:00,0.0,0.25,17.5
2024-11-29 06:00:00,0.0,0.25,16.72
2024-11-29 07:00:00,1.309,0.25,16.98
2024-11-29 08:00:00,0.892,0.25,17.44
2024-11-29 09:00:00,0.734,0.25,18.09
2024-11-29 10:00:00,0.6,0.25,18.43
2024-11-29 11:00:00,0.486,0.25,18.88
2024-11-29 12:00:00,0.393,0.25,18.79
2024-11-29 13:00:00,0.327,0.25,18.98
2024-11-29 14:00:00,0.287,0.25,19.08
2024-11-29 15:00:00,0.27,0.25,19.37
2024-11-29 16:00:00,0.275,0.25,19.49
2024-11-29 17:00:00,0.282,0.65,19.09
2024-11-29 18:00:00,0.28,0.65,19.1
2024-11-29 19:00:00,0.421,0.65,19.24
2024-11-29 20:00:00,0.286,0.65,19.11
2024-11-29 21:00:00,0.294,0.65,19.33
2024-11-29 22:00:00,0.306,0.25,18.65
2024-11-29 23:00:00,0.0,0.25,18.69
2024-11-30 00:00:00,0.0,0.25,18.33
2024-11-30 01:00:00,0.0,0.25,17.65
2024-11-30 02:00:00,0.0,0.25,17.54
2024-11-30 03:00:00,0.0,0.25,17.19
2024-11-30 04:00:00,0.0,0.25,16.97
2024-11-30 05:00:00,0.0,0.25,16.88
2024-11-30 06:00:00,0.0,0.25,16.26
2024-11-30 07:00:00,1.394,0.25,16.47
2024-11-30 08:00:00,0.939,0.25,17.34
2024-11-30 09:00:00,0.767,0.25,18.04
2024-11-30 10:00:00,0.636,0.25,18.0
2024-11-30 11:00:00,0.526,0.25,18.33
2024-11-30 12:00:00,0.434,0.25,18.88
2024-11-30 13:00:00,0.364,0.25,18.92
2024-11-30 14:00:00,0.319,0.25,19.21
2024-11-30 15:00:00,0.3,0.25,19.13
2024-11-30 16:00:00,0.294,0.25,19.28
2024-11-30 17:00:00,0.285,0.65,18.97
2024-11-30 18:00:00,0.269,0.65,19.22
2024-11-30 19:00:00,0.399,0.65,19.2
2024-11-30 20:00:00,0.254,0.65,19.02
2024-11-30 21:00:00,0.251,0.65,18.96
2024-11-30 22:00:00,0.254,0.25,19.39
2024-11-30 23:00:00,0.0,0.25,19.0
2024-12-01 00:00:00,0.0,0.25,18.59
2024-12-01 01:00:00,0.0,0.25,18.5
2024-12-01 02:00:00,0.0,0.25,18.47
2024-12-01 03:00:00,0.0,0.25,17.52
2024-12-01 04:00:00,0.0,0.25,17.41
2024-12-01 05:00:00,0.0,0.25,17.25
2024-12-01 06:00:00,0.0,0.25,17.44
2024-12-01 07:00:00,1.138,0.25,17.44
2024-12-01 08:00:00,0.757,0.25,18.01
2024-12-01 09:00:00,0.635,0.25,17.97
2024-12-01 10:00:00,0.534,0.25,18.26
2024-12-01 11:00:00,0.45,0.25,18.81
2024-12-01 12:00:00,0.379,0.25,18.94
2024-12-01 13:00:00,0.324,0.25,19.18
2024-12-01 14:00:00,0.29,0.25,19.13
2024-12-01 15:00:00,0.277,0.25,19.25
2024-12-01 16:00:00,0.278,0.25,19.22
2024-12-01 17:00:00,0.273,0.65,19.36
2024-12-01 18:00:00,0.257,0.65,19.42
2024-12-01 19:00:00,0.384,0.65,18.97
2024-12-01 20:00:00,0.238,0.65,18.86
2024-12-01 21:00:00,0.232,0.65,19.53
2024-12-01 22:00:00,0.23,0.25,19.56
2024-12-01 23:00:00,0.0,0.25,18.98
2024-12-02 00:00:00,0.0,0.25,18.59
2024-12-02 01:00:00,0.0,0.25,18.78
2024-12-02 02:00:00,0.0,0.25,18.75
2024-12-02 03:00:00,0.0,0.25,18.74
2024-12-02 04:00:00,0.0,0.25,18.31
2024-12-02 05:00:00,0.0,0.25,17.97
2024-12-02 06:00:00,0.0,0.25,17.71
2024-12-02 07:00:00,0.874,0.25,18.15
2024-12-02 08:00:00,0.513,0.25,18.5
2024-12-02 09:00:00,0.407,0.25,18.65
2024-12-02 10:00:00,0.329,0.25,19.48
2024-12-02 11:00:00,0.273,0.25,19.58
2024-12-02 12:00:00,0.233,0.25,19.56
2024-12-02 13:00:00,0.207,0.25,19.22
2024-12-02 14:00:00,0.195,0.25,19.6
2024-12-02 15:00:00,0.189,0.25,19.58
2024-12-02 16:00:00,0.189,0.25,19.53
2024-12-02 17:00:00,0.19,0.65,19.7
2024-12-02 18:00:00,0.185,0.65,19.59
2024-12-02 19:00:00,0.326,0.65,19.6
2024-12-02 20:00:00,0.188,0.65,19.58
2024-12-02 21:00:00,0.191,0.65,19.51
2024-12-02 22:00:00,0.2,0.25,19.05
2024-12-02 23:00:00,0.0,0.25,19.27
2024-12-03 00:00:00,0.0,0.25,18.91
2024-12-03 01:00:00,0.0,0.25,18.53
2024-12-03 02:00:00,0.0,0.25,18.89
2024-12-03 03:00:00,0.0,0.25,18.67
2024-12-03 04:00:00,0.0,0.25,18.36
2024-12-03 05:00:00,0.0,0.25,17.91
2024-12-03 06:00:00,0.0,0.25,17.89
2024-12-03 07:00:00,0.982,0.25,17.83
2024-12-03 08:00:00,0.625,0.25,18.27
2024-12-03 09:00:00,0.522,0.25,18.3
2024-12-03 10:00:00,0.438,0.25,18.84
2024-12-03 11:00:00,0.373,0.25,18.95
2024-12-03 12:00:00,0.322,0.25,18.82
2024-12-03 13:00:00,0.28,0.25,19.19
2024-12-03 14:00:00,0.26,0.25,19.23
2024-12-03 15:00:00,0.258,0.25,19.61
2024-12-03 16:00:00,0.264,0.25,19.4
2024-12-03 17:00:00,0.271,0.65,19.21
2024-12-03 18:00:00,0.272,0.65,19.26
2024-12-03 19:00:00,0.412,0.65,19.21
2024-12-03 20:00:00,0.275,0.65,19.15
2024-12-03 21:00:00,0.279,0.65,18.97
2024-12-03 22:00:00,0.289,0.25,19.12
2024-12-03 23:00:00,0.0,0.25,18.77
2024-12-04 00:00:00,0.0,0.25,18.3
2024-12-04 01:00:00,0.0,0.25,18.25
2024-12-04 02:00:00,0.0,0.25,17.84
2024-12-04 03:00:00,0.0,0.25,17.04
2024-12-04 04:00:00,0.0,0.25,17.02
2024-12-04 05:00:00,0.0,0.25,16.91
2024-12-04 06:00:00,0.0,0.25,16.62
2024-12-04 07:00:00,1.351,0.25,17.02
2024-12-04 08:00:00,0.89,0.25,17.51
2024-12-04 09:00:00,0.717,0.25,17.81
2024-12-04 10:00:00,0.591,0.25,18.11
2024-12-04 11:00:00,0.497,0.25,18.65
2024-12-04 12:00:00,0.432,0.25,18.84
2024-12-04 13:00:00,0.389,0.25,19.14
2024-12-04 14:00:00,0.361,0.25,19.17
2024-12-04 15:00:00,0.344,0.25,18.97
2024-12-04 16:00:00,0.336,0.25,18.77
2024-12-04 17:00:00,0.325,0.65,19.0
2024-12-04 18:00:00,0.307,0.65,19.15
2024-12-04 19:00:00,0.436,0.65,19.1
2024-12-04 20:00:00,0.29,0.65,19.04
2024-12-04 21:00:00,0.287,0.65,19.21
2024-12-04 22:00:00,0.288,0.25,19.05
2024-12-04 23:00:00,0.0,0.25,18.84
2024-12-05 00:00:00,0.0,0.25,18.72
2024-12-05 01:00:00,0.0,0.25,18.28
2024-12-05 02:00:00,0.0,0.25,18.13
2024-12-05 03:00:00,0.0,0.25,17.87
2024-12-05 04:00:00,0.0,0.25,17.32
2024-12-05 05:00:00,0.0,0.25,17.2
2024-12-05 06:00:00,0.0,0.25,17.34
2024-12-05 07:00:00,1.148,0.25,17.14
2024-12-05 08:00:00,0.736,0.25,17.5
2024-12-05 09:00:00,0.6,0.25,17.93
2024-12-05 10:00:00,0.509,0.25,18.55
2024-12-05 11:00:00,0.446,0.25,18.73
2024-12-05 12:00:00,0.399,0.25,18.83
2024-12-05 13:00:00,0.363,0.25,19.2
2024-12-05 14:00:00,0.336,0.25,18.49
2024-12-05 15:00:00,0.316,0.25,19.16
2024-12-05 16:00:00,0.301,0.25,19.44
2024-12-05 17:00:00,0.281,0.65,18.97
2024-12-05 18:00:00,0.254,0.65,19.19
2024-12-05 19:00:00,0.374,0.65,19.17
2024-12-05 20:00:00,0.216,0.65,19.2
2024-12-05 21:00:00,0.2,0.65,19.36
2024-12-05 22:00:00,0.192,0.25,19.72
2024-12-05 23:00:00,0.0,0.25,19.71
2024-12-06 00:00:00,0.0,0.25,19.11
2024-12-06 01:00:00,0.0,0.25,19.39
2024-12-06 02:00:00,0.0,0.25,18.84
2024-12-06 03:00:00,0.0,0.25,18.99
2024-12-06 04:00:00,0.0,0.25,18.42
2024-12-06 05:00:00,0.0,0.25,18.27
2024-12-06 06:00:00,0.0,0.25,18.13
2024-12-06 07:00:00,0.834,0.25,18.88
2024-12-06 08:00:00,0.496,0.25,18.77
2024-12-06 09:00:00,0.407,0.25,18.7
2024-12-06 10:00:00,0.345,0.25,19.21
2024-12-06 11:00:00,0.301,0.25,19.06
2024-12-06 12:00:00,0.268,0.25,19.13
2024-12-06 13:00:00,0.241,0.25,19.49
2024-12-06 14:00:00,0.222,0.25,19.36
2024-12-06 15:00:00,0.215,0.25,19.43
2024-12-06 16:00:00,0.216,0.25,19.37
2024-12-06 17:00:00,0.212,0.65,19.45
2024-12-06 18:00:00,0.204,0.65,19.49
2024-12-06 19:00:00,0.345,0.65,19.01
2024-12-06 20:00:00,0.213,0.65,19.51
2024-12-06 21:00:00,0.223,0.65,19.15
2024-12-06 22:00:00,0.238,0.25,19.0
2024-12-06 23:00:00,0.0,0.25,19.09
2024-12-07 00:00:00,0.0,0.25,18.84
2024-12-07 01:00:00,0.0,0.25,18.42
2024-12-07 02:00:00,0.0,0.25,18.46
2024-12-07 03:00:00,0.0,0.25,17.78
2024-12-07 04:00:00,0.0,0.25,17.74
2024-12-07 05:00:00,0.0,0.25,17.49
2024-12-07 06:00:00,0.0,0.25,17.39
2024-12-07 07:00:00,1.032,0.25,17.76
2024-12-07 08:00:00,0.635,0.25,18.02
2024-12-07 09:00:00,0.502,0.25,18.73
2024-12-07 10:00:00,0.4,0.25,18.89
2024-12-07 11:00:00,0.323,0.25,18.71
2024-12-07 12:00:00,0.272,0.25,18.83
2024-12-07 13:00:00,0.243,0.25,19.3
2024-12-07 14:00:00,0.227,0.25,19.3
2024-12-07 15:00:00,0.227,0.25,19.31
2024-12-07 16:00:00,0.238,0.25,19.29
2024-12-07 17:00:00,0.241,0.65,19.35
2024-12-07 18:00:00,0.234,0.65,19.51
2024-12-07 19:00:00,0.372,0.65,19.1
2024-12-07 20:00:00,0.232,0.65,19.09
2024-12-07 21:00:00,0.231,0.65,19.11
2024-12-07 22:00:00,0.235,0.25,19.37
2024-12-07 23:00:00,0.0,0.25,19.39
2024-12-08 00:00:00,0.0,0.25,18.79
2024-12-08 01:00:00,0.0,0.25,18.12
2024-12-08 02:00:00,0.0,0.25,18.03
2024-12-08 03:00:00,0.0,0.25,17.96
2024-12-08 04:00:00,0.0,0.25,17.78
2024-12-08 05:00:00,0.0,0.25,17.57
2024-12-08 06:00:00,0.0,0.25,17.43
2024-12-08 07:00:00,1.035,0.25,17.63
2024-12-08 08:00:00,0.653,0.25,18.37
2024-12-08 09:00:00,0.536,0.25,18.35
2024-12-08 10:00:00,0.453,0.25,18.54
2024-12-08 11:00:00,0.393,0.25,18.97
2024-12-08 12:00:00,0.349,0.25,18.69
2024-12-08 13:00:00,0.316,0.25,19.17
2024-12-08 14:00:00,0.295,0.25,19.17
2024-12-08 15:00:00,0.283,0.25,19.15
2024-12-08 16:00:00,0.279,0.25,19.5
2024-12-08 17:00:00,0.272,0.65,19.09
2024-12-08 18:00:00,0.262,0.65,19.65
2024-12-08 19:00:00,0.395,0.65,19.21
2024-12-08 20:00:00,0.247,0.65,19.03
2024-12-08 21:00:00,0.241,0.65,19.31
2024-12-08 22:00:00,0.243,0.25,19.07
2024-12-08 23:00:00,0.0,0.25,18.97
2024-12-09 00:00:00,0.0,0.25,18.92
2024-12-09 01:00:00,0.0,0.25,18.68
2024-12-09 02:00:00,0.0,0.25,18.18
2024-12-09 03:00:00,0.0,0.25,18.25
2024-12-09 04:00:00,0.0,0.25,18.04
2024-12-09 05:00:00,0.0,0.25,17.86
2024-12-09 06:00:00,0.0,0.25,17.45
2024-12-09 07:00:00,1.061,0.25,17.89
2024-12-09 08:00:00,0.674,0.25,17.72
2024-12-09 09:00:00,0.554,0.25,18.37
2024-12-09 10:00:00,0.469,0.25,18.49
2024-12-09 11:00:00,0.409,0.25,18.85
2024-12-09 12:00:00,0.365,0.25,18.84
2024-12-09 13:00:00,0.333,0.25,19.01
2024-12-09 14:00:00,0.311,0.25,19.47
2024-12-09 15:00:00,0.301,0.25,19.09
2024-12-09 16:00:00,0.296,0.25,19.22
2024-12-09 17:00:00,0.286,0.65,19.13
2024-12-09 18:00:00,0.272,0.65,19.23
2024-12-09 19:00:00,0.403,0.65,19.24
2024-12-09 20:00:00,0.256,0.65,19.34
2024-12-09 21:00:00,0.252,0.65,19.5
2024-12-09 22:00:00,0.257,0.25,19.57
2024-12-09 23:00:00,0.0,0.25,19.12
2024-12-10 00:00:00,0.0,0.25,18.89
2024-12-10 01:00:00,0.0,0.25,18.27
2024-12-10 02:00:00,0.0,0.25,18.2
2024-12-10 03:00:00,0.0,0.25,18.13
2024-12-10 04:00:00,0.0,0.25,17.84
2024-12-10 05:00:00,0.0,0.25,17.44
2024-12-10 06:00:00,0.0,0.25,17.31
2024-12-10 07:00:00,1.127,0.25,17.53
2024-12-10 08:00:00,0.727,0.25,18.19
2024-12-10 09:00:00,0.599,0.25,18.36
2024-12-10 10:00:00,0.509,0.25,18.48
2024-12-10 11:00:00,0.446,0.25,18.79
2024-12-10 12:00:00,0.402,0.25,18.26
2024-12-10 13:00:00,0.372,0.25,19.0
2024-12-10 14:00:00,0.351,0.25,18.25
2024-12-10 15:00:00,0.338,0.25,18.67
2024-12-10 16:00:00,0.331,0.25,19.13
2024-12-10 17:00:00,0.318,0.65,19.18
2024-12-10 18:00:00,0.3,0.65,18.9
2024-12-10 19:00:00,0.428,0.65,19.02
2024-12-10 20:00:00,0.282,0.65,19.45
2024-12-10 21:00:00,0.278,0.65,19.09
2024-12-10 22:00:00,0.282,0.25,19.62
2024-12-10 23:00:00,0.0,0.25,18.98
2024-12-11 00:00:00,0.0,0.25,18.75
2024-12-11 01:00:00,0.0,0.25,18.69
2024-12-11 02:00:00,0.0,0.25,18.09
2024-12-11 03:00:00,0.0,0.25,17.57
2024-12-11 04:00:00,0.0,0.25,17.47
2024-12-11 05:00:00,0.0,0.25,17.2
2024-12-11 06:00:00,0.0,0.25,16.65
2024-12-11 07:00:00,1.197,0.25,17.18
2024-12-11 08:00:00,0.785,0.25,17.63
2024-12-11 09:00:00,0.648,0.25,18.34
2024-12-11 10:00:00,0.554,0.25,18.43
2024-12-11 11:00:00,0.489,0.25,18.54
2024-12-11 12:00:00,0.443,0.25,18.7
2024-12-11 13:00:00,0.412,0.25,18.85
2024-12-11 14:00:00,0.391,0.25,18.99
2024-12-11 15:00:00,0.377,0.25,18.7
2024-12-11 16:00:00,0.371,0.25,18.71
2024-12-11 17:00:00,0.363,0.65,19.17
2024-12-11 18:00:00,0.347,0.65,18.91
2024-12-11 19:00:00,0.477,0.65,18.73
2024-12-11 20:00:00,0.333,0.65,19.12
2024-12-11 21:00:00,0.33,0.65,19.13
2024-12-11 22:00:00,0.334,0.25,18.71
2024-12-11 23:00:00,0.0,0.25,18.85
2024-12-12 00:00:00,0.0,0.25,18.6
2024-12-12 01:00:00,0.0,0.25,18.19
2024-12-12 02:00:00,0.0,0.25,17.9
2024-12-12 03:00:00,0.0,0.25,17.17
2024-12-12 04:00:00,0.0,0.25,17.19
2024-12-12 05:00:00,0.0,0.25,16.75
2024-12-12 06:00:00,0.0,0.25,16.41
2024-12-12 07:00:00,1.324,0.25,17.05
2024-12-12 08:00:00,0.879,0.25,17.82
2024-12-12 09:00:00,0.717,0.25,18.33
2024-12-12 10:00:00,0.602,0.25,18.55
2024-12-12 11:00:00,0.519,0.25,18.49
2024-12-12 12:00:00,0.46,0.25,18.75
2024-12-12 13:00:00,0.417,0.25,18.95
2024-12-12 14:00:00,0.387,0.25,18.9
2024-12-12 15:00:00,0.369,0.25,18.96
2024-12-12 16:00:00,0.359,0.25,19.12
2024-12-12 17:00:00,0.346,0.65,18.99
2024-12-12 18:00:00,0.329,0.65,18.9
2024-12-12 19:00:00,0.459,0.65,18.99
2024-12-12 20:00:00,0.312,0.65,19.22
2024-12-12 21:00:00,0.308,0.65,19.1
2024-12-12 22:00:00,0.312,0.25,19.15
2024-12-12 23:00:00,0.0,0.25,19.0
2024-12-13 00:00:00,0.0,0.25,18.46
2024-12-13 01:00:00,0.0,0.25,18.35
2024-12-13 02:00:00,0.0,0.25,17.94
2024-12-13 03:00:00,0.0,0.25,17.3
2024-12-13 04:00:00,0.0,0.25,17.51
2024-12-13 05:00:00,0.0,0.25,16.81
2024-12-13 06:00:00,0.0,0.25,16.26
2024-12-13 07:00:00,1.303,0.25,16.73
2024-12-13 08:00:00,0.868,0.25,17.35
2024-12-13 09:00:00,0.717,0.25,17.97
2024-12-13 10:00:00,0.613,0.25,18.19
2024-12-13 11:00:00,0.543,0.25,18.37
2024-12-13 12:00:00,0.498,0.25,18.69
2024-12-13 13:00:00,0.47,0.25,18.7
2024-12-13 14:00:00,0.453,0.25,18.75
2024-12-13 15:00:00,0.441,0.25,18.8
2024-12-13 16:00:00,0.432,0.25,18.87
2024-12-13 17:00:00,0.418,0.65,18.37
2024-12-13 18:00:00,0.4,0.65,18.77
2024-12-13 19:00:00,0.527,0.65,18.44
2024-12-13 20:00:00,0.377,0.65,18.91
2024-12-13 21:00:00,0.368,0.65,18.93
2024-12-13 22:00:00,0.368,0.25,19.13
2024-12-13 23:00:00,0.0,0.25,18.93
2024-12-14 00:00:00,0.0,0.25,18.36
2024-12-14 01:00:00,0.0,0.25,17.86
2024-12-14 02:00:00,0.0,0.25,17.71
2024-12-14 03:00:00,0.0,0.25,17.17
2024-12-14 04:00:00,0.0,0.25,16.94
2024-12-14 05:00:00,0.0,0.25,16.8
2024-12-14 06:00:00,0.0,0.25,16.18
2024-12-14 07:00:00,1.389,0.25,16.87
2024-12-14 08:00:00,0.921,0.25,17.54
2024-12-14 09:00:00,0.745,0.25,17.7
2024-12-14 10:00:00,0.621,0.25,18.43
2024-12-14 11:00:00,0.53,0.25,18.63
2024-12-14 12:00:00,0.463,0.25,18.69
2024-12-14 13:00:00,0.414,0.25,18.66
2024-12-14 14:00:00,0.379,0.25,18.73
2024-12-14 15:00:00,0.357,0.25,18.86
2024-12-14 16:00:00,0.341,0.25,19.12
2024-12-14 17:00:00,0.32,0.65,18.89
2024-12-14 18:00:00,0.294,0.65,19.24
2024-12-14 19:00:00,0.418,0.65,18.95
2024-12-14 20:00:00,0.267,0.65,19.18
2024-12-14 21:00:00,0.262,0.65,19.26
2024-12-14 22:00:00,0.266,0.25,19.71
2024-12-14 23:00:00,0.0,0.25,18.73
2024-12-15 00:00:00,0.0,0.25,18.97
2024-12-15 01:00:00,0.0,0.25,18.39
2024-12-15 02:00:00,0.0,0.25,18.15
2024-12-15 03:00:00,0.0,0.25,17.8
2024-12-15 04:00:00,0.0,0.25,17.6
2024-12-15 05:00:00,0.0,0.25,17.24
2024-12-15 06:00:00,0.0,0.25,17.32
2024-12-15 07:00:00,1.148,0.25,17.29
2024-12-15 08:00:00,0.729,0.25,18.18
2024-12-15 09:00:00,0.587,0.25,18.21
2024-12-15 10:00:00,0.487,0.25,18.6
2024-12-15 11:00:00,0.416,0.25,18.6
2024-12-15 12:00:00,0.364,0.25,19.05
2024-12-15 13:00:00,0.324,0.25,19.36
2024-12-15 14:00:00,0.294,0.25,19.14
2024-12-15 15:00:00,0.27,0.25,19.18
2024-12-15 16:00:00,0.25,0.25,19.05
2024-12-15 17:00:00,0.228,0.65,19.3
2024-12-15 18:00:00,0.204,0.65,19.1
2024-12-15 19:00:00,0.327,0.65,19.28
2024-12-15 20:00:00,0.174,0.65,19.54
2024-12-15 21:00:00,0.164,0.65,19.79
2024-12-15 22:00:00,0.163,0.25,20.08
2024-12-15 23:00:00,0.0,0.25,19.3
2024-12-16 00:00:00,0.0,0.25,19.54
2024-12-16 01:00:00,0.0,0.25,19.14
2024-12-16 02:00:00,0.0,0.25,18.9
2024-12-16 03:00:00,0.0,0.25,18.86
2024-12-16 04:00:00,0.0,0.25,18.63
2024-12-16 05:00:00,0.0,0.25,18.48
2024-12-16 06:00:00,0.0,0.25,18.23
2024-12-16 07:00:00,0.751,0.25,18.2
2024-12-16 08:00:00,0.429,0.25,18.48
2024-12-16 09:00:00,0.355,0.25,19.12
2024-12-16 10:00:00,0.304,0.25,19.08
2024-12-16 11:00:00,0.271,0.25,19.1
2024-12-16 12:00:00,0.249,0.25,19.28
2024-12-16 13:00:00,0.233,0.25,19.48
2024-12-16 14:00:00,0.224,0.25,19.38
2024-12-16 15:00:00,0.221,0.25,19.22
2024-12-16 16:00:00,0.22,0.25,19.6
2024-12-16 17:00:00,0.21,0.65,19.71
2024-12-16 18:00:00,0.194,0.65,19.54
2024-12-16 19:00:00,0.326,0.65,19.65
2024-12-16 20:00:00,0.184,0.65,19.71
2024-12-16 21:00:00,0.181,0.65,19.7
2024-12-16 22:00:00,0.183,0.25,19.58
2024-12-16 23:00:00,0.0,0.25,19.45
2024-12-17 00:00:00,0.0,0.25,19.22
2024-12-17 01:00:00,0.0,0.25,18.68
2024-12-17 02:00:00,0.0,0.25,18.82
2024-12-17 03:00:00,0.0,0.25,18.18
2024-12-17 04:00:00,0.0,0.25,18.07
2024-12-17 05:00:00,0.0,0.25,18.27
2024-12-17 06:00:00,0.0,0.25,17.95
2024-12-17 07:00:00,0.924,0.25,18.3
2024-12-17 08:00:00,0.569,0.25,18.34
2024-12-17 09:00:00,0.471,0.25,18.43
2024-12-17 10:00:00,0.4,0.25,18.81
2024-12-17 11:00:00,0.344,0.25,19.04
2024-12-17 12:00:00,0.302,0.25,19.15
2024-12-17 13:00:00,0.272,0.25,19.44
2024-12-17 14:00:00,0.251,0.25,19.2
2024-12-17 15:00:00,0.239,0.25,19.37
2024-12-17 16:00:00,0.234,0.25,19.12
2024-12-17 17:00:00,0.225,0.65,19.44
2024-12-17 18:00:00,0.21,0.65,19.39
2024-12-17 19:00:00,0.342,0.65,19.26
2024-12-17 20:00:00,0.198,0.65,19.38
2024-12-17 21:00:00,0.197,0.65,19.39
2024-12-17 22:00:00,0.204,0.25,19.34
2024-12-17 23:00:00,0.0,0.25,19.59
2024-12-18 00:00:00,0.0,0.25,18.97
2024-12-18 01:00:00,0.0,0.25,18.69
2024-12-18 02:00:00,0.0,0.25,18.07
2024-12-18 03:00:00,0.0,0.25,18.06
2024-12-18 04:00:00,0.0,0.25,17.95
2024-12-18 05:00:00,0.0,0.25,17.66
2024-12-18 06:00:00,0.0,0.25,17.88
2024-12-18 07:00:00,0.966,0.25,17.85
2024-12-18 08:00:00,0.585,0.25,18.61
2024-12-18 09:00:00,0.467,0.25,18.7
2024-12-18 10:00:00,0.377,0.25,18.94
2024-12-18 11:00:00,0.308,0.25,19.11
2024-12-18 12:00:00,0.255,0.25,19.28
2024-12-18 13:00:00,0.216,0.25,19.73
2024-12-18 14:00:00,0.191,0.25,18.99
2024-12-18 15:00:00,0.177,0.25,19.09
2024-12-18 16:00:00,0.167,0.25,19.41
2024-12-18 17:00:00,0.153,0.65,19.57
2024-12-18 18:00:00,0.134,0.65,19.75
2024-12-18 19:00:00,0.262,0.65,19.74
2024-12-18 20:00:00,0.115,0.65,19.59
2024-12-18 21:00:00,0.112,0.65,19.88
2024-12-18 22:00:00,0.115,0.25,19.87
2024-12-18 23:00:00,0.0,0.25,19.6
2024-12-19 00:00:00,0.0,0.25,19.61
2024-12-19 01:00:00,0.0,0.25,19.34
2024-12-19 02:00:00,0.0,0.25,19.05
2024-12-19 03:00:00,0.0,0.25,19.2
2024-12-19 04:00:00,0.0,0.25,18.96
2024-12-19 05:00:00,0.0,0.25,18.82
2024-12-19 06:00:00,0.0,0.25,19.0
2024-12-19 07:00:00,0.627,0.25,18.34
2024-12-19 08:00:00,0.347,0.25,18.72
2024-12-19 09:00:00,0.314,0.25,18.86
2024-12-19 10:00:00,0.293,0.25,19.08
2024-12-19 11:00:00,0.282,0.25,19.13
2024-12-19 12:00:00,0.278,0.25,18.89
2024-12-19 13:00:00,0.28,0.25,18.98
2024-12-19 14:00:00,0.289,0.25,18.98
2024-12-19 15:00:00,0.3,0.25,19.61
2024-12-19 16:00:00,0.304,0.25,19.47
2024-12-19 17:00:00,0.296,0.65,19.06
2024-12-19 18:00:00,0.28,0.65,19.11
2024-12-19 19:00:00,0.411,0.65,18.98
2024-12-19 20:00:00,0.267,0.65,18.84
2024-12-19 21:00:00,0.265,0.65,19.2
2024-12-19 22:00:00,0.27,0.25,19.01
2024-12-19 23:00:00,0.0,0.25,19.0
2024-12-20 00:00:00,0.0,0.25,18.41
2024-12-20 01:00:00,0.0,0.25,18.3
2024-12-20 02:00:00,0.0,0.25,18.2
2024-12-20 03:00:00,0.0,0.25,17.97
2024-12-20 04:00:00,0.0,0.25,17.7
2024-12-20 05:00:00,0.0,0.25,17.08
2024-12-20 06:00:00,0.0,0.25,17.26
2024-12-20 07:00:00,1.143,0.25,17.22
2024-12-20 08:00:00,0.74,0.25,18.04
2024-12-20 09:00:00,0.603,0.25,18.29
2024-12-20 10:00:00,0.499,0.25,18.31
2024-12-20 11:00:00,0.418,0.25,18.75
2024-12-20 12:00:00,0.357,0.25,19.06
2024-12-20 13:00:00,0.313,0.25,19.22
2024-12-20 14:00:00,0.287,0.25,19.14
2024-12-20 15:00:00,0.276,0.25,19.5
2024-12-20 16:00:00,0.278,0.25,19.39
2024-12-20 17:00:00,0.276,0.65,19.15
2024-12-20 18:00:00,0.266,0.65,19.38
2024-12-20 19:00:00,0.398,0.65,19.64
2024-12-20 20:00:00,0.252,0.65,19.66
2024-12-20 21:00:00,0.247,0.65,19.03
2024-12-20 22:00:00,0.25,0.25,19.08
2024-12-20 23:00:00,0.0,0.25,19.4
2024-12-21 00:00:00,0.0,0.25,18.63
2024-12-21 01:00:00,0.0,0.25,18.34
2024-12-21 02:00:00,0.0,0.25,18.27
2024-12-21 03:00:00,0.0,0.25,18.22
2024-12-21 04:00:00,0.0,0.25,17.9
2024-12-21 05:00:00,0.0,0.25,17.58
2024-12-21 06:00:00,0.0,0.25,17.36
2024-12-21 07:00:00,1.011,0.25,17.61
2024-12-21 08:00:00,0.632,0.25,18.04
2024-12-21 09:00:00,0.517,0.25,18.99
2024-12-21 10:00:00,0.434,0.25,18.83
2024-12-21 11:00:00,0.372,0.25,19.12
2024-12-21 12:00:00,0.327,0.25,18.96
2024-12-21 13:00:00,0.299,0.25,19.1
2024-12-21 14:00:00,0.282,0.25,19.04
2024-12-21 15:00:00,0.269,0.25,18.69
2024-12-21 16:00:00,0.259,0.25,18.97
2024-12-21 17:00:00,0.242,0.65,18.94
2024-12-21 18:00:00,0.22,0.65,18.92
2024-12-21 19:00:00,0.342,0.65,19.18
2024-12-21 20:00:00,0.187,0.65,19.73
2024-12-21 21:00:00,0.174,0.65,19.49
2024-12-21 22:00:00,0.172,0.25,19.75
2024-12-21 23:00:00,0.0,0.25,19.45
2024-12-22 00:00:00,0.0,0.25,19.32
2024-12-22 01:00:00,0.0,0.25,18.79
2024-12-22 02:00:00,0.0,0.25,18.86
2024-12-22 03:00:00,0.0,0.25,18.68
2024-12-22 04:00:00,0.0,0.25,18.18
2024-12-22 05:00:00,0.0,0.25,18.17
2024-12-22 06:00:00,0.0,0.25,17.94
2024-12-22 07:00:00,0.917,0.25,17.9
2024-12-22 08:00:00,0.575,0.25,18.14
2024-12-22 09:00:00,0.492,0.25,18.36
2024-12-22 10:00:00,0.432,0.25,18.78
2024-12-22 11:00:00,0.38,0.25,18.98
2024-12-22 12:00:00,0.345,0.25,18.85
2024-12-22 13:00:00,0.321,0.25,19.08
2024-12-22 14:00:00,0.304,0.25,19.23
2024-12-22 15:00:00,0.296,0.25,19.26
2024-12-22 16:00:00,0.297,0.25,19.44
2024-12-22 17:00:00,0.3,0.65,19.38
2024-12-22 18:00:00,0.296,0.65,18.94
2024-12-22 19:00:00,0.43,0.65,19.49
2024-12-22 20:00:00,0.287,0.65,19.06
2024-12-22 21:00:00,0.283,0.65,19.39
2024-12-22 22:00:00,0.289,0.25,19.16
2024-12-22 23:00:00,0.0,0.25,18.84
2024-12-23 00:00:00,0.0,0.25,18.23
2024-12-23 01:00:00,0.0,0.25,18.28
2024-12-23 02:00:00,0.0,0.25,17.76
2024-12-23 03:00:00,0.0,0.25,18.05
2024-12-23 04:00:00,0.0,0.25,17.94
2024-12-23 05:00:00,0.0,0.25,17.25
2024-12-23 06:00:00,0.0,0.25,17.24
2024-12-23 07:00:00,1.108,0.25,17.34
2024-12-23 08:00:00,0.711,0.25,17.87
2024-12-23 09:00:00,0.577,0.25,18.52
2024-12-23 10:00:00,0.474,0.25,18.65
2024-12-23 11:00:00,0.39,0.25,19.24
2024-12-23 12:00:00,0.324,0.25,18.98
2024-12-23 13:00:00,0.282,0.25,19.39
2024-12-23 14:00:00,0.264,0.25,19.25
2024-12-23 15:00:00,0.258,0.25,19.4
2024-12-23 16:00:00,0.264,0.25,19.13
2024-12-23 17:00:00,0.267,0.65,19.21
2024-12-23 18:00:00,0.263,0.65,19.21
2024-12-23 19:00:00,0.402,0.65,19.07
2024-12-23 20:00:00,0.263,0.65,19.37
2024-12-23 21:00:00,0.263,0.65,19.36
2024-12-23 22:00:00,0.274,0.25,19.31
2024-12-23 23:00:00,0.0,0.25,19.28
2024-12-24 00:00:00,0.0,0.25,18.93
2024-12-24 01:00:00,0.0,0.25,18.24
2024-12-24 02:00:00,0.0,0.25,18.08
2024-12-24 03:00:00,0.0,0.25,17.56
2024-12-24 04:00:00,0.0,0.25,17.38
2024-12-24 05:00:00,0.0,0.25,16.97
2024-12-24 06:00:00,0.0,0.25,17.15
2024-12-24 07:00:00,1.221,0.25,17.24
2024-12-24 08:00:00,0.795,0.25,17.72
2024-12-24 09:00:00,0.649,0.25,18.4
2024-12-24 10:00:00,0.546,0.25,18.01
2024-12-24 11:00:00,0.472,0.25,18.25
2024-12-24 12:00:00,0.416,0.25,18.96
2024-12-24 13:00:00,0.377,0.25,18.93
2024-12-24 14:00:00,0.35,0.25,19.04
2024-12-24 15:00:00,0.33,0.25,18.78
2024-12-24 16:00:00,0.317,0.25,19.07
2024-12-24 17:00:00,0.3,0.65,19.54
2024-12-24 18:00:00,0.277,0.65,19.37
2024-12-24 19:00:00,0.4,0.65,19.28
2024-12-24 20:00:00,0.247,0.65,19.2
2024-12-24 21:00:00,0.236,0.65,19.24
2024-12-24 22:00:00,0.232,0.25,18.89
2024-12-24 23:00:00,0.0,0.25,19.23
2024-12-25 00:00:00,0.0,0.25,19.11
2024-12-25 01:00:00,0.0,0.25,18.41
2024-12-25 02:00:00,0.0,0.25,18.37
2024-12-25 03:00:00,0.0,0.25,18.06
2024-12-25 04:00:00,0.0,0.25,17.9
2024-12-25 05:00:00,0.0,0.25,17.92
2024-12-25 06:00:00,0.0,0.25,17.31
2024-12-25 07:00:00,0.933,0.25,18.1
2024-12-25 08:00:00,0.565,0.25,18.56
2024-12-25 09:00:00,0.458,0.25,18.65
2024-12-25 10:00:00,0.382,0.25,18.42
2024-12-25 11:00:00,0.327,0.25,18.87
2024-12-25 12:00:00,0.287,0.25,19.42
2024-12-25 13:00:00,0.26,0.25,18.7
2024-12-25 14:00:00,0.242,0.25,19.23
2024-12-25 15:00:00,0.231,0.25,19.09
2024-12-25 16:00:00,0.227,0.25,19.5
2024-12-25 17:00:00,0.219,0.65,19.23
2024-12-25 18:00:00,0.206,0.65,19.49
2024-12-25 19:00:00,0.336,0.65,19.54
2024-12-25 20:00:00,0.19,0.65,19.81
2024-12-25 21:00:00,0.187,0.65,19.42
2024-12-25 22:00:00,0.191,0.25,19.51
2024-12-25 23:00:00,0.0,0.25,18.99
2024-12-26 00:00:00,0.0,0.25,19.3
2024-12-26 01:00:00,0.0,0.25,18.68
2024-12-26 02:00:00,0.0,0.25,18.5
2024-12-26 03:00:00,0.0,0.25,18.38
2024-12-26 04:00:00,0.0,0.25,17.85
2024-12-26 05:00:00,0.0,0.25,17.99
2024-12-26 06:00:00,0.0,0.25,17.92
2024-12-26 07:00:00,0.939,0.25,18.01
2024-12-26 08:00:00,0.582,0.25,18.04
2024-12-26 09:00:00,0.485,0.25,18.6
2024-12-26 10:00:00,0.417,0.25,18.96
2024-12-26 11:00:00,0.367,0.25,18.57
2024-12-26 12:00:00,0.331,0.25,18.83
2024-12-26 13:00:00,0.306,0.25,19.29
2024-12-26 14:00:00,0.29,0.25,19.21
2024-12-26 15:00:00,0.282,0.25,19.26
2024-12-26 16:00:00,0.281,0.25,19.55
2024-12-26 17:00:00,0.276,0.65,19.29
2024-12-26 18:00:00,0.266,0.65,19.36
2024-12-26 19:00:00,0.403,0.65,19.77
2024-12-26 20:00:00,0.265,0.65,19.18
2024-12-26 21:00:00,0.268,0.65,19.06
2024-12-26 22:00:00,0.278,0.25,19.27
2024-12-26 23:00:00,0.0,0.25,19.06
2024-12-27 00:00:00,0.0,0.25,18.54
2024-12-27 01:00:00,0.0,0.25,18.12
2024-12-27 02:00:00,0.0,0.25,18.48
2024-12-27 03:00:00,0.0,0.25,17.78
2024-12-27 04:00:00,0.0,0.25,17.26
2024-12-27 05:00:00,0.0,0.25,17.29
2024-12-27 06:00:00,0.0,0.25,16.79
2024-12-27 07:00:00,1.233,0.25,17.08
2024-12-27 08:00:00,0.816,0.25,17.81
2024-12-27 09:00:00,0.677,0.25,17.82
2024-12-27 10:00:00,0.58,0.25,18.42
2024-12-27 11:00:00,0.508,0.25,18.93
2024-12-27 12:00:00,0.454,0.25,18.79
2024-12-27 13:00:00,0.417,0.25,18.72
2024-12-27 14:00:00,0.392,0.25,18.76
2024-12-27 15:00:00,0.375,0.25,18.83
2024-12-27 16:00:00,0.372,0.25,18.86
2024-12-27 17:00:00,0.377,0.65,18.82
2024-12-27 18:00:00,0.376,0.65,19.09
2024-12-27 19:00:00,0.511,0.65,18.58
2024-12-27 20:00:00,0.36,0.65,19.13
2024-12-27 21:00:00,0.352,0.65,18.9
2024-12-27 22:00:00,0.353,0.25,19.04
2024-12-27 23:00:00,0.0,0.25,18.5
2024-12-28 00:00:00,0.0,0.25,18.61
2024-12-28 01:00:00,0.0,0.25,18.21
2024-12-28 02:00:00,0.0,0.25,17.78
2024-12-28 03:00:00,0.0,0.25,16.92
2024-12-28 04:00:00,0.0,0.25,17.03
2024-12-28 05:00:00,0.0,0.25,16.59
2024-12-28 06:00:00,0.0,0.25,15.84
2024-12-28 07:00:00,1.44,0.25,16.55
2024-12-28 08:00:00,0.976,0.25,17.32
2024-12-28 09:00:00,0.804,0.25,17.83
2024-12-28 10:00:00,0.682,0.25,18.09
2024-12-28 11:00:00,0.594,0.25,18.36
2024-12-28 12:00:00,0.53,0.25,18.77
2024-12-28 13:00:00,0.481,0.25,18.86
2024-12-28 14:00:00,0.447,0.25,18.13
2024-12-28 15:00:00,0.431,0.25,18.68
2024-12-28 16:00:00,0.427,0.25,18.72
2024-12-28 17:00:00,0.419,0.65,18.43
2024-12-28 18:00:00,0.404,0.65,18.84
2024-12-28 19:00:00,0.534,0.65,19.1
2024-12-28 20:00:00,0.386,0.65,18.66
2024-12-28 21:00:00,0.377,0.65,18.97
2024-12-28 22:00:00,0.373,0.25,18.73
2024-12-28 23:00:00,0.0,0.25,18.56
2024-12-29 00:00:00,0.0,0.25,18.64
2024-12-29 01:00:00,0.0,0.25,17.9
2024-12-29 02:00:00,0.0,0.25,17.77
2024-12-29 03:00:00,0.0,0.25,16.99
2024-12-29 04:00:00,0.0,0.25,17.44
2024-12-29 05:00:00,0.0,0.25,16.89
2024-12-29 06:00:00,0.0,0.25,16.45
2024-12-29 07:00:00,1.331,0.25,16.98
2024-12-29 08:00:00,0.882,0.25,17.23
2024-12-29 09:00:00,0.719,0.25,18.2
2024-12-29 10:00:00,0.607,0.25,18.21
2024-12-29 11:00:00,0.528,0.25,18.45
2024-12-29 12:00:00,0.47,0.25,18.55
2024-12-29 13:00:00,0.428,0.25,18.65
2024-12-29 14:00:00,0.397,0.25,18.99
2024-12-29 15:00:00,0.374,0.25,18.97
2024-12-29 16:00:00,0.358,0.25,19.09
2024-12-29 17:00:00,0.34,0.65,19.02
2024-12-29 18:00:00,0.317,0.65,19.18
2024-12-29 19:00:00,0.441,0.65,19.04
2024-12-29 20:00:00,0.291,0.65,19.6
2024-12-29 21:00:00,0.284,0.65,18.86
2024-12-29 22:00:00,0.283,0.25,19.42
2024-12-29 23:00:00,0.0,0.25,19.26
2024-12-30 00:00:00,0.0,0.25,18.51
2024-12-30 01:00:00,0.0,0.25,18.82
2024-12-30 02:00:00,0.0,0.25,18.29
2024-12-30 03:00:00,0.0,0.25,18.01
2024-12-30 04:00:00,0.0,0.25,17.56
2024-12-30 05:00:00,0.0,0.25,17.27
2024-12-30 06:00:00,0.0,0.25,17.04
2024-12-30 07:00:00,1.137,0.25,17.49
2024-12-30 08:00:00,0.723,0.25,18.25
2024-12-30 09:00:00,0.584,0.25,18.39
2024-12-30 10:00:00,0.485,0.25,18.44
2024-12-30 11:00:00,0.415,0.25,18.98
2024-12-30 12:00:00,0.364,0.25,19.14
2024-12-30 13:00:00,0.327,0.25,19.19
2024-12-30 14:00:00,0.301,0.25,19.28
2024-12-30 15:00:00,0.284,0.25,19.12
2024-12-30 16:00:00,0.272,0.25,19.02
2024-12-30 17:00:00,0.257,0.65,19.09
2024-12-30 18:00:00,0.237,0.65,18.99
2024-12-30 19:00:00,0.364,0.65,19.4
2024-12-30 20:00:00,0.217,0.65,19.35
2024-12-30 21:00:00,0.214,0.65,19.29
2024-12-30 22:00:00,0.219,0.25,18.76
2024-12-30 23:00:00,0.0,0.25,18.94
2024-12-31 00:00:00,0.0,0.25,19.15
2024-12-31 01:00:00,0.0,0.25,18.53
2024-12-31 02:00:00,0.0,0.25,18.46
2024-12-31 03:00:00,0.0,0.25,17.82
2024-12-31 04:00:00,0.0,0.25,18.1
2024-12-31 05:00:00,0.0,0.25,17.49
2024-12-31 06:00:00,0.0,0.25,17.27
2024-12-31 07:00:00,1.117,0.25,17.91
2024-12-31 08:00:00,0.737,0.25,18.22
2024-12-31 09:00:00,0.624,0.25,18.16
2024-12-31 10:00:00,0.546,0.25,18.32
2024-12-31 11:00:00,0.49,0.25,18.53
2024-12-31 12:00:00,0.447,0.25,18.82
2024-12-31 13:00:00,0.412,0.25,18.79
2024-12-31 14:00:00,0.385,0.25,18.81
2024-12-31 15:00:00,0.367,0.25,19.23
2024-12-31 16:00:00,0.355,0.25,18.95
2024-12-31 17:00:00,0.34,0.65,19.48
2024-12-31 18:00:00,0.318,0.65,19.1
2024-12-31 19:00:00,0.441,0.65,19.49
2024-12-31 20:00:00,0.284,0.65,19.25
2024-12-31 21:00:00,0.267,0.65,19.42
2024-12-31 22:00:00,0.259,0.25,19.1
2024-12-31 23:00:00,0.0,0.25,18.92
2025-01-01 00:00:00,0.0,0.25,18.95
2025-01-01 01:00:00,0.0,0.25,18.84
2025-01-01 02:00:00,0.0,0.25,18.44
2025-01-01 03:00:00,0.0,0.25,17.98
2025-01-01 04:00:00,0.0,0.25,17.77
2025-01-01 05:00:00,0.0,0.25,17.58
2025-01-01 06:00:00,0.0,0.25,17.33
2025-01-01 07:00:00,0.947,0.25,17.96
2025-01-01 08:00:00,0.578,0.25,18.6
2025-01-01 09:00:00,0.471,0.25,18.66
2025-01-01 10:00:00,0.398,0.25,18.41
2025-01-01 11:00:00,0.345,0.25,18.97
2025-01-01 12:00:00,0.306,0.25,19.09
2025-01-01 13:00:00,0.276,0.25,19.63
2025-01-01 14:00:00,0.254,0.25,18.98
2025-01-01 15:00:00,0.238,0.25,19.23
2025-01-01 16:00:00,0.23,0.25,19.67
2025-01-01 17:00:00,0.225,0.65,19.43
2025-01-01 18:00:00,0.225,0.65,19.46
2025-01-01 19:00:00,0.37,0.65,19.35
2025-01-01 20:00:00,0.239,0.65,19.36
2025-01-01 21:00:00,0.248,0.65,19.43
2025-01-01 22:00:00,0.26,0.25,19.07
2025-01-01 23:00:00,0.0,0.25,19.21
2025-01-02 00:00:00,0.0,0.25,18.47
2025-01-02 01:00:00,0.0,0.25,18.53
2025-01-02 02:00:00,0.0,0.25,18.22
2025-01-02 03:00:00,0.0,0.25,17.75
2025-01-02 04:00:00,0.0,0.25,17.52
2025-01-02 05:00:00,0.0,0.25,17.04
2025-01-02 06:00:00,0.0,0.25,16.59
2025-01-02 07:00:00,1.252,0.25,17.0
2025-01-02 08:00:00,0.84,0.25,17.4
2025-01-02 09:00:00,0.694,0.25,18.1
2025-01-02 10:00:00,0.574,0.25,18.14
2025-01-02 11:00:00,0.477,0.25,18.79
2025-01-02 12:00:00,0.398,0.25,18.63
2025-01-02 13:00:00,0.347,0.25,18.89
2025-01-02 14:00:00,0.33,0.25,18.91
2025-01-02 15:00:00,0.329,0.25,19.3
2025-01-02 16:00:00,0.336,0.25,19.08
2025-01-02 17:00:00,0.343,0.65,18.96
2025-01-02 18:00:00,0.343,0.65,19.1
2025-01-02 19:00:00,0.479,0.65,18.59
2025-01-02 20:00:00,0.336,0.65,19.01
2025-01-02 21:00:00,0.337,0.65,19.41
2025-01-02 22:00:00,0.342,0.25,19.02
2025-01-02 23:00:00,0.0,0.25,18.76
2025-01-03 00:00:00,0.0,0.25,18.48
2025-01-03 01:00:00,0.0,0.25,18.18
2025-01-03 02:00:00,0.0,0.25,17.24
2025-01-03 03:00:00,0.0,0.25,16.96
2025-01-03 04:00:00,0.0,0.25,17.0
2025-01-03 05:00:00,0.0,0.25,16.47
2025-01-03 06:00:00,0.0,0.25,16.55
2025-01-03 07:00:00,1.394,0.25,16.62
2025-01-03 08:00:00,0.928,0.25,17.0
2025-01-03 09:00:00,0.751,0.25,17.62
2025-01-03 10:00:00,0.622,0.25,17.68
2025-01-03 11:00:00,0.531,0.25,18.44
2025-01-03 12:00:00,0.469,0.25,18.62
2025-01-03 13:00:00,0.427,0.25,18.68
2025-01-03 14:00:00,0.402,0.25,19.05
2025-01-03 15:00:00,0.384,0.25,19.12
2025-01-03 16:00:00,0.376,0.25,18.87
2025-01-03 17:00:00,0.367,0.65,18.51
2025-01-03 18:00:00,0.354,0.65,19.09
2025-01-03 19:00:00,0.487,0.65,19.1
2025-01-03 20:00:00,0.343,0.65,19.06
2025-01-03 21:00:00,0.343,0.65,19.19
2025-01-03 22:00:00,0.352,0.25,18.73
2025-01-03 23:00:00,0.0,0.25,19.11
2025-01-04 00:00:00,0.0,0.25,18.13
2025-01-04 01:00:00,0.0,0.25,18.11
2025-01-04 02:00:00,0.0,0.25,17.25
2025-01-04 03:00:00,0.0,0.25,17.03
2025-01-04 04:00:00,0.0,0.25,17.18
2025-01-04 05:00:00,0.0,0.25,16.5
2025-01-04 06:00:00,0.0,0.25,16.4
2025-01-04 07:00:00,1.408,0.25,16.7
2025-01-04 08:00:00,0.941,0.25,17.33
2025-01-04 09:00:00,0.767,0.25,18.1
2025-01-04 10:00:00,0.644,0.25,18.12
2025-01-04 11:00:00,0.553,0.25,18.06
2025-01-04 12:00:00,0.487,0.25,18.44
2025-01-04 13:00:00,0.441,0.25,18.84
2025-01-04 14:00:00,0.41,0.25,18.9
2025-01-04 15:00:00,0.388,0.25,18.56
2025-01-04 16:00:00,0.38,0.25,18.74
2025-01-04 17:00:00,0.374,0.65,18.8
2025-01-04 18:00:00,0.362,0.65,18.87
2025-01-04 19:00:00,0.494,0.65,18.69
2025-01-04 20:00:00,0.351,0.65,18.85
2025-01-04 21:00:00,0.353,0.65,18.82
2025-01-04 22:00:00,0.362,0.25,19.09
2025-01-04 23:00:00,0.0,0.25,18.84
2025-01-05 00:00:00,0.0,0.25,18.26
2025-01-05 01:00:00,0.0,0.25,17.84
2025-01-05 02:00:00,0.0,0.25,17.58
2025-01-05 03:00:00,0.0,0.25,17.03
2025-01-05 04:00:00,0.0,0.25,16.61
2025-01-05 05:00:00,0.0,0.25,16.28
2025-01-05 06:00:00,0.0,0.25,15.98
2025-01-05 07:00:00,1.458,0.25,16.27
2025-01-05 08:00:00,0.989,0.25,17.24
2025-01-05 09:00:00,0.812,0.25,17.84
2025-01-05 10:00:00,0.688,0.25,17.72
2025-01-05 11:00:00,0.601,0.25,18.29
2025-01-05 12:00:00,0.536,0.25,18.42
2025-01-05 13:00:00,0.485,0.25,18.67
2025-01-05 14:00:00,0.431,0.25,18.77
2025-01-05 15:00:00,0.364,0.25,18.68
2025-01-05 16:00:00,0.306,0.25,18.88
2025-01-05 17:00:00,0.258,0.65,19.28
2025-01-05 18:00:00,0.215,0.65,19.59
2025-01-05 19:00:00,0.326,0.65,19.03
2025-01-05 20:00:00,0.165,0.65,19.6
2025-01-05 21:00:00,0.149,0.65,19.81
2025-01-05 22:00:00,0.144,0.25,19.55
2025-01-05 23:00:00,0.0,0.25,19.58
2025-01-06 00:00:00,0.0,0.25,19.17
2025-01-06 01:00:00,0.0,0.25,19.12
2025-01-06 02:00:00,0.0,0.25,18.67
2025-01-06 03:00:00,0.0,0.25,18.37
2025-01-06 04:00:00,0.0,0.25,18.88
2025-01-06 05:00:00,0.0,0.25,18.35
2025-01-06 06:00:00,0.0,0.25,18.32
2025-01-06 07:00:00,0.717,0.25,18.3
2025-01-06 08:00:00,0.401,0.25,18.59
2025-01-06 09:00:00,0.327,0.25,19.04
2025-01-06 10:00:00,0.272,0.25,19.08
2025-01-06 11:00:00,0.231,0.25,19.42
2025-01-06 12:00:00,0.2,0.25,19.52
2025-01-06 13:00:00,0.185,0.25,19.53
2025-01-06 14:00:00,0.191,0.25,19.48
2025-01-06 15:00:00,0.213,0.25,19.68
2025-01-06 16:00:00,0.239,0.25,19.08
2025-01-06 17:00:00,0.252,0.65,19.25
2025-01-06 18:00:00,0.253,0.65,19.49
2025-01-06 19:00:00,0.395,0.65,19.51
2025-01-06 20:00:00,0.258,0.65,18.96
2025-01-06 21:00:00,0.262,0.65,19.17
2025-01-06 22:00:00,0.271,0.25,19.47
2025-01-06 23:00:00,0.0,0.25,19.09
2025-01-07 00:00:00,0.0,0.25,18.72
2025-01-07 01:00:00,0.0,0.25,18.33
2025-01-07 02:00:00,0.0,0.25,18.0
2025-01-07 03:00:00,0.0,0.25,17.83
2025-01-07 04:00:00,0.0,0.25,17.42
2025-01-07 05:00:00,0.0,0.25,17.17
2025-01-07 06:00:00,0.0,0.25,16.9
2025-01-07 07:00:00,1.212,0.25,17.05
2025-01-07 08:00:00,0.796,0.25,17.86
2025-01-07 09:00:00,0.659,0.25,18.71
2025-01-07 10:00:00,0.568,0.25,18.02
2025-01-07 11:00:00,0.494,0.25,18.66
2025-01-07 12:00:00,0.431,0.25,18.61
2025-01-07 13:00:00,0.381,0.25,19.03
2025-01-07 14:00:00,0.345,0.25,19.01
2025-01-07 15:00:00,0.334,0.25,19.18
2025-01-07 16:00:00,0.335,0.25,19.25
2025-01-07 17:00:00,0.333,0.65,19.07
2025-01-07 18:00:00,0.324,0.65,19.28
2025-01-07 19:00:00,0.459,0.65,18.6
2025-01-07 20:00:00,0.316,0.65,19.4
2025-01-07 21:00:00,0.314,0.65,19.16
2025-01-07 22:00:00,0.317,0.25,19.28
2025-01-07 23:00:00,0.0,0.25,18.61
2025-01-08 00:00:00,0.0,0.25,18.34
2025-01-08 01:00:00,0.0,0.25,18.19
2025-01-08 02:00:00,0.0,0.25,17.82
2025-01-08 03:00:00,0.0,0.25,17.54
2025-01-08 04:00:00,0.0,0.25,17.37
2025-01-08 05:00:00,0.0,0.25,16.48
2025-01-08 06:00:00,0.0,0.25,16.73
2025-01-08 07:00:00,1.319,0.25,16.89
2025-01-08 08:00:00,0.882,0.25,17.47
2025-01-08 09:00:00,0.728,0.25,17.64
2025-01-08 10:00:00,0.609,0.25,18.37
2025-01-08 11:00:00,0.514,0.25,18.05
2025-01-08 12:00:00,0.446,0.25,18.85
2025-01-08 13:00:00,0.403,0.25,18.54
2025-01-08 14:00:00,0.374,0.25,18.93
2025-01-08 15:00:00,0.358,0.25,18.94
2025-01-08 16:00:00,0.358,0.25,19.18
2025-01-08 17:00:00,0.359,0.65,18.92
2025-01-08 18:00:00,0.351,0.65,18.84
2025-01-08 19:00:00,0.484,0.65,18.9
2025-01-08 20:00:00,0.34,0.65,19.26
2025-01-08 21:00:00,0.336,0.65,19.13
2025-01-08 22:00:00,0.341,0.25,18.92
2025-01-08 23:00:00,0.0,0.25,18.7
2025-01-09 00:00:00,0.0,0.25,18.06
2025-01-09 01:00:00,0.0,0.25,18.08
2025-01-09 02:00:00,0.0,0.25,17.29
2025-01-09 03:00:00,0.0,0.25,17.41
2025-01-09 04:00:00,0.0,0.25,16.91
2025-01-09 05:00:00,0.0,0.25,16.98
2025-01-09 06:00:00,0.0,0.25,15.92
2025-01-09 07:00:00,1.448,0.25,16.51
2025-01-09 08:00:00,0.981,0.25,17.59
2025-01-09 09:00:00,0.804,0.25,17.96
2025-01-09 10:00:00,0.677,0.25,17.93
2025-01-09 11:00:00,0.578,0.25,18.4
2025-01-09 12:00:00,0.49,0.25,18.61
2025-01-09 13:00:00,0.413,0.25,18.88
2025-01-09 14:00:00,0.358,0.25,18.83
2025-01-09 15:00:00,0.334,0.25,19.01
2025-01-09 16:00:00,0.331,0.25,18.71
2025-01-09 17:00:00,0.337,0.65,19.04
2025-01-09 18:00:00,0.339,0.65,19.1
2025-01-09 19:00:00,0.477,0.65,18.97
2025-01-09 20:00:00,0.337,0.65,18.69
2025-01-09 21:00:00,0.335,0.65,19.22
2025-01-09 22:00:00,0.339,0.25,19.08
2025-01-09 23:00:00,0.0,0.25,18.63
2025-01-10 00:00:00,0.0,0.25,18.36
2025-01-10 01:00:00,0.0,0.25,17.77
2025-01-10 02:00:00,0.0,0.25,17.54
2025-01-10 03:00:00,0.0,0.25,17.31
2025-01-10 04:00:00,0.0,0.25,17.34
2025-01-10 05:00:00,0.0,0.25,16.65
2025-01-10 06:00:00,0.0,0.25,16.6
2025-01-10 07:00:00,1.34,0.25,16.72
2025-01-10 08:00:00,0.898,0.25,17.51
2025-01-10 09:00:00,0.738,0.25,17.88
2025-01-10 10:00:00,0.615,0.25,18.43
2025-01-10 11:00:00,0.514,0.25,18.44
2025-01-10 12:00:00,0.431,0.25,18.46
2025-01-10 13:00:00,0.37,0.25,18.67
2025-01-10 14:00:00,0.334,0.25,18.93
2025-01-10 15:00:00,0.318,0.25,18.83
2025-01-10 16:00:00,0.318,0.25,19.14
2025-01-10 17:00:00,0.325,0.65,18.96
2025-01-10 18:00:00,0.323,0.65,19.53
2025-01-10 19:00:00,0.465,0.65,18.7
2025-01-10 20:00:00,0.335,0.65,19.06
2025-01-10 21:00:00,0.349,0.65,18.75
2025-01-10 22:00:00,0.372,0.25,18.8
2025-01-10 23:00:00,0.0,0.25,18.62
2025-01-11 00:00:00,0.0,0.25,17.66
2025-01-11 01:00:00,0.0,0.25,17.71
2025-01-11 02:00:00,0.0,0.25,17.58
2025-01-11 03:00:00,0.0,0.25,16.65
2025-01-11 04:00:00,0.0,0.25,16.34
2025-01-11 05:00:00,0.034,0.25,16.06
2025-01-11 06:00:00,0.151,0.25,15.48
2025-01-11 07:00:00,1.638,0.25,15.87
2025-01-11 08:00:00,1.145,0.25,16.31
2025-01-11 09:00:00,0.938,0.25,17.48
2025-01-11 10:00:00,0.765,0.25,17.82
2025-01-11 11:00:00,0.623,0.25,18.04
2025-01-11 12:00:00,0.507,0.25,18.59
2025-01-11 13:00:00,0.423,0.25,18.68
2025-01-11 14:00:00,0.366,0.25,18.85
2025-01-11 15:00:00,0.335,0.25,19.15
2025-01-11 16:00:00,0.333,0.25,18.76
2025-01-11 17:00:00,0.333,0.65,19.24
2025-01-11 18:00:00,0.323,0.65,18.78
2025-01-11 19:00:00,0.465,0.65,18.91
2025-01-11 20:00:00,0.338,0.65,19.39
2025-01-11 21:00:00,0.347,0.65,19.21
2025-01-11 22:00:00,0.352,0.25,18.99
2025-01-11 23:00:00,0.0,0.25,18.54
2025-01-12 00:00:00,0.0,0.25,18.24
2025-01-12 01:00:00,0.0,0.25,17.96
2025-01-12 02:00:00,0.0,0.25,17.57
2025-01-12 03:00:00,0.0,0.25,17.17
2025-01-12 04:00:00,0.0,0.25,16.82
2025-01-12 05:00:00,0.0,0.25,16.46
2025-01-12 06:00:00,0.0,0.25,15.88
2025-01-12 07:00:00,1.439,0.25,16.45
2025-01-12 08:00:00,0.981,0.25,17.41
2025-01-12 09:00:00,0.807,0.25,17.44
2025-01-12 10:00:00,0.674,0.25,18.05
2025-01-12 11:00:00,0.564,0.25,18.24
2025-01-12 12:00:00,0.474,0.25,18.67
2025-01-12 13:00:00,0.409,0.25,18.75
2025-01-12 14:00:00,0.363,0.25,19.25
2025-01-12 15:00:00,0.337,0.25,19.12
2025-01-12 16:00:00,0.336,0.25,18.75
2025-01-12 17:00:00,0.348,0.65,19.11
2025-01-12 18:00:00,0.352,0.65,18.82
2025-01-12 19:00:00,0.492,0.65,18.86
2025-01-12 20:00:00,0.351,0.65,19.04
2025-01-12 21:00:00,0.353,0.65,18.87
2025-01-12 22:00:00,0.365,0.25,19.1
2025-01-12 23:00:00,0.0,0.25,18.5
2025-01-13 00:00:00,0.0,0.25,18.12
2025-01-13 01:00:00,0.0,0.25,17.68
2025-01-13 02:00:00,0.0,0.25,17.26
2025-01-13 03:00:00,0.0,0.25,17.14
2025-01-13 04:00:00,0.0,0.25,16.61
2025-01-13 05:00:00,0.003,0.25,16.39
2025-01-13 06:00:00,0.09,0.25,16.14
2025-01-13 07:00:00,1.576,0.25,15.97
2025-01-13 08:00:00,1.073,0.25,16.99
2025-01-13 09:00:00,0.869,0.25,17.31
2025-01-13 10:00:00,0.712,0.25,17.83
2025-01-13 11:00:00,0.58,0.25,18.24
2025-01-13 12:00:00,0.477,0.25,18.44
2025-01-13 13:00:00,0.399,0.25,18.65
2025-01-13 14:00:00,0.349,0.25,18.97
2025-01-13 15:00:00,0.325,0.25,18.81
2025-01-13 16:00:00,0.326,0.25,19.21
2025-01-13 17:00:00,0.337,0.65,18.83
2025-01-13 18:00:00,0.345,0.65,19.55
2025-01-13 19:00:00,0.489,0.65,18.89
2025-01-13 20:00:00,0.354,0.65,18.98
2025-01-13 21:00:00,0.362,0.65,18.68
2025-01-13 22:00:00,0.379,0.25,19.22
2025-01-13 23:00:00,0.0,0.25,18.81
2025-01-14 00:00:00,0.0,0.25,18.2
2025-01-14 01:00:00,0.0,0.25,17.44
2025-01-14 02:00:00,0.0,0.25,17.33
2025-01-14 03:00:00,0.0,0.25,16.66
2025-01-14 04:00:00,0.0,0.25,16.8
2025-01-14 05:00:00,0.0,0.25,16.31
2025-01-14 06:00:00,0.047,0.25,15.83
2025-01-14 07:00:00,1.536,0.25,15.8
2025-01-14 08:00:00,1.04,0.25,16.88
2025-01-14 09:00:00,0.842,0.25,17.76
2025-01-14 10:00:00,0.699,0.25,18.26
2025-01-14 11:00:00,0.589,0.25,18.55
2025-01-14 12:00:00,0.5,0.25,18.26
2025-01-14 13:00:00,0.428,0.25,18.84
2025-01-14 14:00:00,0.379,0.25,19.11
2025-01-14 15:00:00,0.356,0.25,18.64
2025-01-14 16:00:00,0.345,0.25,18.99
2025-01-14 17:00:00,0.332,0.65,19.09
2025-01-14 18:00:00,0.315,0.65,19.03
2025-01-14 19:00:00,0.44,0.65,18.76
2025-01-14 20:00:00,0.289,0.65,19.1
2025-01-14 21:00:00,0.281,0.65,19.12
2025-01-14 22:00:00,0.281,0.25,19.15
2025-01-14 23:00:00,0.0,0.25,18.88
2025-01-15 00:00:00,0.0,0.25,18.62
2025-01-15 01:00:00,0.0,0.25,18.43
2025-01-15 02:00:00,0.0,0.25,18.27
2025-01-15 03:00:00,0.0,0.25,17.87
2025-01-15 04:00:00,0.0,0.25,17.62
2025-01-15 05:00:00,0.0,0.25,17.49
2025-01-15 06:00:00,0.0,0.25,16.86
2025-01-15 07:00:00,1.088,0.25,17.64
2025-01-15 08:00:00,0.689,0.25,18.06
2025-01-15 09:00:00,0.561,0.25,18.42
2025-01-15 10:00:00,0.469,0.25,18.86
2025-01-15 11:00:00,0.402,0.25,18.46
2025-01-15 12:00:00,0.355,0.25,18.58
2025-01-15 13:00:00,0.324,0.25,19.12
2025-01-15 14:00:00,0.302,0.25,19.12
2025-01-15 15:00:00,0.289,0.25,19.19
2025-01-15 16:00:00,0.281,0.25,19.09
2025-01-15 17:00:00,0.268,0.65,19.36
2025-01-15 18:00:00,0.251,0.65,19.46
2025-01-15 19:00:00,0.381,0.65,19.39
2025-01-15 20:00:00,0.236,0.65,19.26
2025-01-15 21:00:00,0.233,0.65,18.9
2025-01-15 22:00:00,0.24,0.25,19.45
2025-01-15 23:00:00,0.0,0.25,19.36
2025-01-16 00:00:00,0.0,0.25,18.96
2025-01-16 01:00:00,0.0,0.25,18.39
2025-01-16 02:00:00,0.0,0.25,18.44
2025-01-16 03:00:00,0.0,0.25,18.22
2025-01-16 04:00:00,0.0,0.25,18.1
2025-01-16 05:00:00,0.0,0.25,17.36
2025-01-16 06:00:00,0.0,0.25,17.24
2025-01-16 07:00:00,1.083,0.25,17.7
2025-01-16 08:00:00,0.697,0.25,18.04
2025-01-16 09:00:00,0.581,0.25,18.13
2025-01-16 10:00:00,0.503,0.25,18.64
2025-01-16 11:00:00,0.454,0.25,18.81
2025-01-16 12:00:00,0.426,0.25,18.78
2025-01-16 13:00:00,0.407,0.25,18.86
2025-01-16 14:00:00,0.392,0.25,18.81
2025-01-16 15:00:00,0.384,0.25,19.18
2025-01-16 16:00:00,0.38,0.25,18.71
2025-01-16 17:00:00,0.374,0.65,18.8
2025-01-16 18:00:00,0.363,0.65,18.95
2025-01-16 19:00:00,0.495,0.65,19.14
2025-01-16 20:00:00,0.349,0.65,18.68
2025-01-16 21:00:00,0.346,0.65,18.73
2025-01-16 22:00:00,0.351,0.25,18.56
2025-01-16 23:00:00,0.0,0.25,18.73
2025-01-17 00:00:00,0.0,0.25,18.12
2025-01-17 01:00:00,0.0,0.25,17.91
2025-01-17 02:00:00,0.0,0.25,17.77
2025-01-17 03:00:00,0.0,0.25,17.16
2025-01-17 04:00:00,0.0,0.25,16.98
2025-01-17 05:00:00,0.0,0.25,16.52
2025-01-17 06:00:00,0.0,0.25,16.37
2025-01-17 07:00:00,1.418,0.25,16.71
2025-01-17 08:00:00,0.959,0.25,17.16
2025-01-17 09:00:00,0.789,0.25,17.73
2025-01-17 10:00:00,0.673,0.25,18.29
2025-01-17 11:00:00,0.592,0.25,18.38
2025-01-17 12:00:00,0.534,0.25,18.18
2025-01-17 13:00:00,0.495,0.25,18.7
2025-01-17 14:00:00,0.47,0.25,18.42
2025-01-17 15:00:00,0.454,0.25,18.96
2025-01-17 16:00:00,0.447,0.25,18.9
2025-01-17 17:00:00,0.439,0.65,18.79
2025-01-17 18:00:00,0.424,0.65,18.8
2025-01-17 19:00:00,0.556,0.65,18.75
2025-01-17 20:00:00,0.41,0.65,18.94
2025-01-17 21:00:00,0.407,0.65,18.74
2025-01-17 22:00:00,0.411,0.25,18.84
2025-01-17 23:00:00,0.0,0.25,18.69
2025-01-18 00:00:00,0.0,0.25,17.95
2025-01-18 01:00:00,0.0,0.25,17.49
2025-01-18 02:00:00,0.0,0.25,16.93
2025-01-18 03:00:00,0.0,0.25,16.54
2025-01-18 04:00:00,0.0,0.25,15.98
2025-01-18 05:00:00,0.016,0.25,16.09
2025-01-18 06:00:00,0.115,0.25,15.98
2025-01-18 07:00:00,1.596,0.25,16.4
2025-01-18 08:00:00,1.099,0.25,16.57
2025-01-18 09:00:00,0.904,0.25,17.58
2025-01-18 10:00:00,0.767,0.25,18.1
2025-01-18 11:00:00,0.669,0.25,18.0
2025-01-18 12:00:00,0.597,0.25,18.31
2025-01-18 13:00:00,0.545,0.25,18.03
2025-01-18 14:00:00,0.51,0.25,18.58
2025-01-18 15:00:00,0.489,0.25,18.37
2025-01-18 16:00:00,0.476,0.25,18.65
2025-01-18 17:00:00,0.462,0.65,18.35
2025-01-18 18:00:00,0.445,0.65,18.82
2025-01-18 19:00:00,0.572,0.65,18.95
2025-01-18 20:00:00,0.423,0.65,18.61
2025-01-18 21:00:00,0.416,0.65,18.56
2025-01-18 22:00:00,0.418,0.25,18.34
2025-01-18 23:00:00,0.0,0.25,18.45
2025-01-19 00:00:00,0.0,0.25,17.95
2025-01-19 01:00:00,0.0,0.25,17.34
2025-01-19 02:00:00,0.0,0.25,17.33
2025-01-19 03:00:00,0.0,0.25,16.74
2025-01-19 04:00:00,0.0,0.25,16.22
2025-01-19 05:00:00,0.003,0.25,15.94
2025-01-19 06:00:00,0.082,0.25,15.93
2025-01-19 07:00:00,1.568,0.25,16.32
2025-01-19 08:00:00,1.073,0.25,16.95
2025-01-19 09:00:00,0.879,0.25,17.63
2025-01-19 10:00:00,0.745,0.25,17.65
2025-01-19 11:00:00,0.65,0.25,18.14
2025-01-19 12:00:00,0.585,0.25,18.35
2025-01-19 13:00:00,0.539,0.25,18.35
2025-01-19 14:00:00,0.509,0.25,18.61
2025-01-19 15:00:00,0.489,0.25,18.42
2025-01-19 16:00:00,0.477,0.25,18.71
2025-01-19 17:00:00,0.463,0.65,18.77
2025-01-19 18:00:00,0.444,0.65,18.13
2025-01-19 19:00:00,0.571,0.65,18.98
2025-01-19 20:00:00,0.422,0.65,18.16
2025-01-19 21:00:00,0.418,0.65,18.66
2025-01-19 22:00:00,0.423,0.25,18.96
2025-01-19 23:00:00,0.0,0.25,18.41
2025-01-20 00:00:00,0.0,0.25,17.73
2025-01-20 01:00:00,0.0,0.25,17.36
2025-01-20 02:00:00,0.0,0.25,17.37
2025-01-20 03:00:00,0.0,0.25,16.37
2025-01-20 04:00:00,0.0,0.25,16.58
2025-01-20 05:00:00,0.011,0.25,15.96
2025-01-20 06:00:00,0.103,0.25,15.42
2025-01-20 07:00:00,1.582,0.25,16.04
2025-01-20 08:00:00,1.081,0.25,16.75
2025-01-20 09:00:00,0.881,0.25,17.68
2025-01-20 10:00:00,0.74,0.25,18.04
2025-01-20 11:00:00,0.642,0.25,17.82
2025-01-20 12:00:00,0.575,0.25,18.27
2025-01-20 13:00:00,0.527,0.25,18.31
2025-01-20 14:00:00,0.494,0.25,18.83
2025-01-20 15:00:00,0.472,0.25,18.36
2025-01-20 16:00:00,0.457,0.25,18.99
2025-01-20 17:00:00,0.441,0.65,18.72
2025-01-20 18:00:00,0.42,0.65,18.55
2025-01-20 19:00:00,0.546,0.65,18.68
2025-01-20 20:00:00,0.396,0.65,18.69
2025-01-20 21:00:00,0.39,0.65,18.61
2025-01-20 22:00:00,0.392,0.25,18.87
2025-01-20 23:00:00,0.0,0.25,18.35
2025-01-21 00:00:00,0.0,0.25,17.75
2025-01-21 01:00:00,0.0,0.25,17.7
2025-01-21 02:00:00,0.0,0.25,17.01
2025-01-21 03:00:00,0.0,0.25,16.83
2025-01-21 04:00:00,0.0,0.25,16.41
2025-01-21 05:00:00,0.0,0.25,16.04
2025-01-21 06:00:00,0.035,0.25,16.25
2025-01-21 07:00:00,1.532,0.25,16.3
2025-01-21 08:00:00,1.048,0.25,17.09
2025-01-21 09:00:00,0.861,0.25,17.2
2025-01-21 10:00:00,0.73,0.25,17.79
2025-01-21 11:00:00,0.637,0.25,18.22
2025-01-21 12:00:00,0.569,0.25,18.16
2025-01-21 13:00:00,0.522,0.25,18.68
2025-01-21 14:00:00,0.49,0.25,18.34
2025-01-21 15:00:00,0.47,0.25,18.58
2025-01-21 16:00:00,0.459,0.25,18.55
2025-01-21 17:00:00,0.446,0.65,18.74
2025-01-21 18:00:00,0.429,0.65,18.62
2025-01-21 19:00:00,0.557,0.65,18.73
2025-01-21 20:00:00,0.408,0.65,18.76
2025-01-21 21:00:00,0.402,0.65,18.68
2025-01-21 22:00:00,0.405,0.25,18.91
2025-01-21 23:00:00,0.0,0.25,18.58
2025-01-22 00:00:00,0.0,0.25,18.07
2025-01-22 01:00:00,0.0,0.25,17.58
2025-01-22 02:00:00,0.0,0.25,17.41
2025-01-22 03:00:00,0.0,0.25,16.81
2025-01-22 04:00:00,0.0,0.25,16.41
2025-01-22 05:00:00,0.0,0.25,16.12
2025-01-22 06:00:00,0.062,0.25,16.11
2025-01-22 07:00:00,1.546,0.25,15.99
2025-01-22 08:00:00,1.049,0.25,17.2
2025-01-22 09:00:00,0.85,0.25,17.22
2025-01-22 10:00:00,0.708,0.25,18.03
2025-01-22 11:00:00,0.602,0.25,18.6
2025-01-22 12:00:00,0.523,0.25,18.6
2025-01-22 13:00:00,0.467,0.25,18.69
2025-01-22 14:00:00,0.428,0.25,18.65
2025-01-22 15:00:00,0.403,0.25,18.84
2025-01-22 16:00:00,0.386,0.25,18.83
2025-01-22 17:00:00,0.365,0.65,18.79
2025-01-22 18:00:00,0.34,0.65,18.96
2025-01-22 19:00:00,0.461,0.65,19.11
2025-01-22 20:00:00,0.308,0.65,18.95
2025-01-22 21:00:00,0.3,0.65,18.96
2025-01-22 22:00:00,0.303,0.25,18.84
2025-01-22 23:00:00,0.0,0.25,18.98
2025-01-23 00:00:00,0.0,0.25,18.69
2025-01-23 01:00:00,0.0,0.25,18.32
2025-01-23 02:00:00,0.0,0.25,18.17
2025-01-23 03:00:00,0.0,0.25,17.71
2025-01-23 04:00:00,0.0,0.25,17.49
2025-01-23 05:00:00,0.0,0.25,17.2
2025-01-23 06:00:00,0.0,0.25,16.85
2025-01-23 07:00:00,1.207,0.25,17.1
2025-01-23 08:00:00,0.782,0.25,18.24
2025-01-23 09:00:00,0.633,0.25,18.12
2025-01-23 10:00:00,0.524,0.25,18.38
2025-01-23 11:00:00,0.446,0.25,18.81
2025-01-23 12:00:00,0.389,0.25,18.94
2025-01-23 13:00:00,0.344,0.25,18.73
2025-01-23 14:00:00,0.318,0.25,19.3
2025-01-23 15:00:00,0.305,0.25,19.1
2025-01-23 16:00:00,0.299,0.25,18.91
2025-01-23 17:00:00,0.29,0.65,19.4
2025-01-23 18:00:00,0.278,0.65,19.32
2025-01-23 19:00:00,0.411,0.65,18.96
2025-01-23 20:00:00,0.266,0.65,19.58
2025-01-23 21:00:00,0.259,0.65,19.38
2025-01-23 22:00:00,0.254,0.25,19.25
2025-01-23 23:00:00,0.0,0.25,19.42
2025-01-24 00:00:00,0.0,0.25,18.88
2025-01-24 01:00:00,0.0,0.25,18.58
2025-01-24 02:00:00,0.0,0.25,18.19
2025-01-24 03:00:00,0.0,0.25,18.16
2025-01-24 04:00:00,0.0,0.25,17.87
2025-01-24 05:00:00,0.0,0.25,17.54
2025-01-24 06:00:00,0.0,0.25,17.16
2025-01-24 07:00:00,1.061,0.25,17.65
2025-01-24 08:00:00,0.662,0.25,18.13
2025-01-24 09:00:00,0.532,0.25,18.23
2025-01-24 10:00:00,0.444,0.25,18.44
2025-01-24 11:00:00,0.386,0.25,19.01
2025-01-24 12:00:00,0.347,0.25,18.48
2025-01-24 13:00:00,0.316,0.25,19.13
2025-01-24 14:00:00,0.289,0.25,19.07
2025-01-24 15:00:00,0.265,0.25,19.5
2025-01-24 16:00:00,0.247,0.25,19.19
2025-01-24 17:00:00,0.229,0.65,19.47
2025-01-24 18:00:00,0.209,0.65,19.32
2025-01-24 19:00:00,0.335,0.65,19.46
2025-01-24 20:00:00,0.188,0.65,19.6
2025-01-24 21:00:00,0.187,0.65,19.36
2025-01-24 22:00:00,0.196,0.25,19.62
2025-01-24 23:00:00,0.0,0.25,19.05
2025-01-25 00:00:00,0.0,0.25,19.05
2025-01-25 01:00:00,0.0,0.25,18.92
2025-01-25 02:00:00,0.0,0.25,18.62
2025-01-25 03:00:00,0.0,0.25,18.63
2025-01-25 04:00:00,0.0,0.25,17.84
2025-01-25 05:00:00,0.0,0.25,17.46
2025-01-25 06:00:00,0.0,0.25,17.29
2025-01-25 07:00:00,1.022,0.25,17.85
2025-01-25 08:00:00,0.655,0.25,18.25
2025-01-25 09:00:00,0.547,0.25,18.47
2025-01-25 10:00:00,0.462,0.25,18.46
2025-01-25 11:00:00,0.397,0.25,19.02
2025-01-25 12:00:00,0.352,0.25,18.74
2025-01-25 13:00:00,0.328,0.25,19.28
2025-01-25 14:00:00,0.309,0.25,19.68
2025-01-25 15:00:00,0.29,0.25,19.23
2025-01-25 16:00:00,0.285,0.25,19.28
2025-01-25 17:00:00,0.289,0.65,19.06
2025-01-25 18:00:00,0.295,0.65,18.77
2025-01-25 19:00:00,0.443,0.65,18.99
2025-01-25 20:00:00,0.31,0.65,18.87
2025-01-25 21:00:00,0.313,0.65,18.8
2025-01-25 22:00:00,0.32,0.25,19.4
2025-01-25 23:00:00,0.0,0.25,18.87
2025-01-26 00:00:00,0.0,0.25,18.53
2025-01-26 01:00:00,0.0,0.25,18.05
2025-01-26 02:00:00,0.0,0.25,17.74
2025-01-26 03:00:00,0.0,0.25,17.64
2025-01-26 04:00:00,0.0,0.25,17.11
2025-01-26 05:00:00,0.0,0.25,16.92
2025-01-26 06:00:00,0.0,0.25,16.48
2025-01-26 07:00:00,1.321,0.25,16.82
2025-01-26 08:00:00,0.879,0.25,17.24
2025-01-26 09:00:00,0.716,0.25,17.58
2025-01-26 10:00:00,0.59,0.25,18.28
2025-01-26 11:00:00,0.486,0.25,18.64
2025-01-26 12:00:00,0.403,0.25,18.6
2025-01-26 13:00:00,0.348,0.25,18.99
2025-01-26 14:00:00,0.323,0.25,19.07
2025-01-26 15:00:00,0.319,0.25,18.64
2025-01-26 16:00:00,0.323,0.25,18.87
2025-01-26 17:00:00,0.32,0.65,19.15
2025-01-26 18:00:00,0.312,0.65,19.17
2025-01-26 19:00:00,0.445,0.65,18.88
2025-01-26 20:00:00,0.3,0.65,19.16
2025-01-26 21:00:00,0.295,0.65,19.35
2025-01-26 22:00:00,0.293,0.25,19.3
2025-01-26 23:00:00,0.0,0.25,18.95
2025-01-27 00:00:00,0.0,0.25,18.59
2025-01-27 01:00:00,0.0,0.25,18.31
2025-01-27 02:00:00,0.0,0.25,18.3
2025-01-27 03:00:00,0.0,0.25,18.03
2025-01-27 04:00:00,0.0,0.25,17.91
2025-01-27 05:00:00,0.0,0.25,17.63
2025-01-27 06:00:00,0.0,0.25,17.61
2025-01-27 07:00:00,1.007,0.25,17.8
2025-01-27 08:00:00,0.613,0.25,18.44
2025-01-27 09:00:00,0.484,0.25,18.81
2025-01-27 10:00:00,0.382,0.25,18.77
2025-01-27 11:00:00,0.303,0.25,18.79
2025-01-27 12:00:00,0.243,0.25,19.62
2025-01-27 13:00:00,0.193,0.25,19.51
2025-01-27 14:00:00,0.154,0.25,19.22
2025-01-27 15:00:00,0.138,0.25,19.46
2025-01-27 16:00:00,0.141,0.25,19.74
2025-01-27 17:00:00,0.152,0.65,19.5
2025-01-27 18:00:00,0.159,0.65,19.43
2025-01-27 19:00:00,0.309,0.65,19.78
2025-01-27 20:00:00,0.176,0.65,19.27
2025-01-27 21:00:00,0.178,0.65,19.32
2025-01-27 22:00:00,0.19,0.25,19.48
2025-01-27 23:00:00,0.0,0.25,19.34
2025-01-28 00:00:00,0.0,0.25,19.12
2025-01-28 01:00:00,0.0,0.25,18.96
2025-01-28 02:00:00,0.0,0.25,18.56
2025-01-28 03:00:00,0.0,0.25,18.37
2025-01-28 04:00:00,0.0,0.25,17.96
2025-01-28 05:00:00,0.0,0.25,17.79
2025-01-28 06:00:00,0.0,0.25,17.58
2025-01-28 07:00:00,0.99,0.25,17.86
2025-01-28 08:00:00,0.614,0.25,18.42
2025-01-28 09:00:00,0.499,0.25,18.7
2025-01-28 10:00:00,0.414,0.25,18.84
2025-01-28 11:00:00,0.347,0.25,18.85
2025-01-28 12:00:00,0.295,0.25,19.17
2025-01-28 13:00:00,0.262,0.25,19.24
2025-01-28 14:00:00,0.244,0.25,19.33
2025-01-28 15:00:00,0.234,0.25,19.76
2025-01-28 16:00:00,0.23,0.25,19.22
2025-01-28 17:00:00,0.227,0.65,19.43
2025-01-28 18:00:00,0.218,0.65,19.58
2025-01-28 19:00:00,0.35,0.65,19.41
2025-01-28 20:00:00,0.204,0.65,19.87
2025-01-28 21:00:00,0.201,0.65,19.34
2025-01-28 22:00:00,0.205,0.25,19.46
2025-01-28 23:00:00,0.0,0.25,19.09
2025-01-29 00:00:00,0.0,0.25,18.94
2025-01-29 01:00:00,0.0,0.25,18.82
2025-01-29 02:00:00,0.0,0.25,18.71
2025-01-29 03:00:00,0.0,0.25,18.38
2025-01-29 04:00:00,0.0,0.25,18.33
2025-01-29 05:00:00,0.0,0.25,17.83
2025-01-29 06:00:00,0.0,0.25,17.55
2025-01-29 07:00:00,0.975,0.25,18.39
2025-01-29 08:00:00,0.609,0.25,18.36
2025-01-29 09:00:00,0.502,0.25,18.43
2025-01-29 10:00:00,0.423,0.25,18.66
2025-01-29 11:00:00,0.365,0.25,18.77
2025-01-29 12:00:00,0.322,0.25,19.27
2025-01-29 13:00:00,0.291,0.25,19.09
2025-01-29 14:00:00,0.268,0.25,19.25
2025-01-29 15:00:00,0.255,0.25,19.25
2025-01-29 16:00:00,0.249,0.25,19.42
2025-01-29 17:00:00,0.241,0.65,19.13
2025-01-29 18:00:00,0.229,0.65,19.12
2025-01-29 19:00:00,0.361,0.65,19.4
2025-01-29 20:00:00,0.218,0.65,19.49
2025-01-29 21:00:00,0.219,0.65,19.42
2025-01-29 22:00:00,0.233,0.25,19.15
2025-01-29 23:00:00,0.0,0.25,19.25
2025-01-30 00:00:00,0.0,0.25,18.68
2025-01-30 01:00:00,0.0,0.25,18.44
2025-01-30 02:00:00,0.0,0.25,18.07
2025-01-30 03:00:00,0.0,0.25,18.24
2025-01-30 04:00:00,0.0,0.25,17.83
2025-01-30 05:00:00,0.0,0.25,17.55
2025-01-30 06:00:00,0.0,0.25,17.43
2025-01-30 07:00:00,1.112,0.25,18.04
2025-01-30 08:00:00,0.714,0.25,17.64
2025-01-30 09:00:00,0.586,0.25,18.19
2025-01-30 10:00:00,0.493,0.25,18.47
2025-01-30 11:00:00,0.422,0.25,18.63
2025-01-30 12:00:00,0.369,0.25,18.73
2025-01-30 13:00:00,0.331,0.25,18.99
2025-01-30 14:00:00,0.304,0.25,18.88
2025-01-30 15:00:00,0.286,0.25,19.24
2025-01-30 16:00:00,0.274,0.25,19.21
2025-01-30 17:00:00,0.27,0.65,19.31
2025-01-30 18:00:00,0.27,0.65,19.31
2025-01-30 19:00:00,0.413,0.65,19.32
2025-01-30 20:00:00,0.275,0.65,19.12
2025-01-30 21:00:00,0.277,0.65,19.61
2025-01-30 22:00:00,0.288,0.25,19.2
2025-01-30 23:00:00,0.0,0.25,18.54
2025-01-31 00:00:00,0.0,0.25,18.35
2025-01-31 01:00:00,0.0,0.25,17.86
2025-01-31 02:00:00,0.0,0.25,17.88
2025-01-31 03:00:00,0.0,0.25,17.5
2025-01-31 04:00:00,0.0,0.25,17.07
2025-01-31 05:00:00,0.0,0.25,17.21
2025-01-31 06:00:00,0.0,0.25,16.58
2025-01-31 07:00:00,1.343,0.25,16.97
2025-01-31 08:00:00,0.903,0.25,17.26
2025-01-31 09:00:00,0.744,0.25,17.69
2025-01-31 10:00:00,0.622,0.25,18.24
2025-01-31 11:00:00,0.529,0.25,18.53
2025-01-31 12:00:00,0.45,0.25,18.35
2025-01-31 13:00:00,0.377,0.25,18.9
2025-01-31 14:00:00,0.324,0.25,19.07
2025-01-31 15:00:00,0.3,0.25,19.09
2025-01-31 16:00:00,0.299,0.25,18.96
2025-01-31 17:00:00,0.308,0.65,18.99
2025-01-31 18:00:00,0.322,0.65,19.01
2025-01-31 19:00:00,0.482,0.65,19.01
2025-01-31 20:00:00,0.362,0.65,19.06
2025-01-31 21:00:00,0.378,0.65,19.11
2025-01-31 22:00:00,0.396,0.25,18.77
2025-01-31 23:00:00,0.0,0.25,18.43
2025-02-01 00:00:00,0.0,0.25,18.14
2025-02-01 01:00:00,0.0,0.25,17.72
2025-02-01 02:00:00,0.0,0.25,17.07
2025-02-01 03:00:00,0.0,0.25,16.88
2025-02-01 04:00:00,0.0,0.25,16.5
2025-02-01 05:00:00,0.026,0.25,16.15
2025-02-01 06:00:00,0.134,0.25,15.92
2025-02-01 07:00:00,1.62,0.25,15.87
2025-02-01 08:00:00,1.124,0.25,16.83
2025-02-01 09:00:00,0.912,0.25,17.43
2025-02-01 10:00:00,0.735,0.25,17.91
2025-02-01 11:00:00,0.591,0.25,18.21
2025-02-01 12:00:00,0.476,0.25,18.36
2025-02-01 13:00:00,0.384,0.25,18.93
2025-02-01 14:00:00,0.322,0.25,18.93
2025-02-01 15:00:00,0.288,0.25,19.19
2025-02-01 16:00:00,0.279,0.25,19.02
2025-02-01 17:00:00,0.293,0.65,18.91
2025-02-01 18:00:00,0.319,0.65,19.1
2025-02-01 19:00:00,0.488,0.65,19.0
2025-02-01 20:00:00,0.374,0.65,19.01
2025-02-01 21:00:00,0.394,0.65,19.28
2025-02-01 22:00:00,0.413,0.25,18.84
2025-02-01 23:00:00,0.0,0.25,18.56
2025-02-02 00:00:00,0.0,0.25,17.77
2025-02-02 01:00:00,0.0,0.25,17.27
2025-02-02 02:00:00,0.0,0.25,17.4
2025-02-02 03:00:00,0.0,0.25,16.45
2025-02-02 04:00:00,0.0,0.25,15.96
2025-02-02 05:00:00,0.069,0.25,15.72
2025-02-02 06:00:00,0.189,0.25,15.38
2025-02-02 07:00:00,1.671,0.25,15.72
2025-02-02 08:00:00,1.17,0.25,16.64
2025-02-02 09:00:00,0.95,0.25,17.57
2025-02-02 10:00:00,0.769,0.25,17.67
2025-02-02 11:00:00,0.625,0.25,17.96
2025-02-02 12:00:00,0.511,0.25,18.75
2025-02-02 13:00:00,0.422,0.25,18.9
2025-02-02 14:00:00,0.361,0.25,18.84
2025-02-02 15:00:00,0.327,0.25,18.74
2025-02-02 16:00:00,0.317,0.25,18.93
2025-02-02 17:00:00,0.325,0.65,19.03
2025-02-02 18:00:00,0.346,0.65,19.21
2025-02-02 19:00:00,0.51,0.65,18.7
2025-02-02 20:00:00,0.391,0.65,18.83
2025-02-02 21:00:00,0.41,0.65,18.93
2025-02-02 22:00:00,0.432,0.25,18.25
2025-02-02 23:00:00,0.0,0.25,18.6
2025-02-03 00:00:00,0.0,0.25,17.65
2025-02-03 01:00:00,0.0,0.25,17.47
2025-02-03 02:00:00,0.0,0.25,16.97
2025-02-03 03:00:00,0.0,0.25,16.69
2025-02-03 04:00:00,0.005,0.25,16.14
2025-02-03 05:00:00,0.105,0.25,15.16
2025-02-03 06:00:00,0.21,0.25,15.19
2025-02-03 07:00:00,1.681,0.25,15.9
2025-02-03 08:00:00,1.166,0.25,16.68
2025-02-03 09:00:00,0.935,0.25,17.47
2025-02-03 10:00:00,0.746,0.25,18.06
2025-02-03 11:00:00,0.597,0.25,18.44
2025-02-03 12:00:00,0.48,0.25,18.6
2025-02-03 13:00:00,0.391,0.25,18.53
2025-02-03 14:00:00,0.329,0.25,18.97
2025-02-03 15:00:00,0.293,0.25,19.24
2025-02-03 16:00:00,0.281,0.25,18.96
2025-02-03 17:00:00,0.285,0.65,19.29
2025-02-03 18:00:00,0.29,0.65,19.33
2025-02-03 19:00:00,0.443,0.65,19.13
2025-02-03 20:00:00,0.329,0.65,18.41
2025-02-03 21:00:00,0.351,0.65,18.71
2025-02-03 22:00:00,0.368,0.25,19.29
2025-02-03 23:00:00,0.0,0.25,18.55
2025-02-04 00:00:00,0.0,0.25,17.84
2025-02-04 01:00:00,0.0,0.25,18.05
2025-02-04 02:00:00,0.0,0.25,17.43
2025-02-04 03:00:00,0.0,0.25,17.3
2025-02-04 04:00:00,0.0,0.25,16.8
2025-02-04 05:00:00,0.0,0.25,16.52
2025-02-04 06:00:00,0.0,0.25,16.19
2025-02-04 07:00:00,1.442,0.25,16.69
2025-02-04 08:00:00,0.965,0.25,17.74
2025-02-04 09:00:00,0.783,0.25,17.98
2025-02-04 10:00:00,0.653,0.25,17.83
2025-02-04 11:00:00,0.56,0.25,18.49
2025-02-04 12:00:00,0.489,0.25,18.83
2025-02-04 13:00:00,0.432,0.25,19.0
2025-02-04 14:00:00,0.386,0.25,18.81
2025-02-04 15:00:00,0.354,0.25,19.21
2025-02-04 16:00:00,0.335,0.25,19.21
2025-02-04 17:00:00,0.321,0.65,19.59
2025-02-04 18:00:00,0.308,0.65,18.95
2025-02-04 19:00:00,0.449,0.65,18.99
2025-02-04 20:00:00,0.32,0.65,19.0
2025-02-04 21:00:00,0.329,0.65,18.94
2025-02-04 22:00:00,0.341,0.25,18.82
2025-02-04 23:00:00,0.0,0.25,18.21
2025-02-05 00:00:00,0.0,0.25,18.3
2025-02-05 01:00:00,0.0,0.25,18.11
2025-02-05 02:00:00,0.0,0.25,17.61
2025-02-05 03:00:00,0.0,0.25,17.8
2025-02-05 04:00:00,0.0,0.25,17.13
2025-02-05 05:00:00,0.0,0.25,17.12
2025-02-05 06:00:00,0.0,0.25,16.67
2025-02-05 07:00:00,1.279,0.25,17.18
2025-02-05 08:00:00,0.832,0.25,17.72
2025-02-05 09:00:00,0.668,0.25,18.39
2025-02-05 10:00:00,0.549,0.25,18.46
2025-02-05 11:00:00,0.46,0.25,18.79
2025-02-05 12:00:00,0.392,0.25,18.96
2025-02-05 13:00:00,0.338,0.25,18.98
2025-02-05 14:00:00,0.297,0.25,19.23
2025-02-05 15:00:00,0.27,0.25,19.67
2025-02-05 16:00:00,0.264,0.25,19.17
2025-02-05 17:00:00,0.263,0.65,19.32
2025-02-05 18:00:00,0.261,0.65,19.49
2025-02-05 19:00:00,0.403,0.65,19.46
2025-02-05 20:00:00,0.267,0.65,19.22
2025-02-05 21:00:00,0.272,0.65,18.72
2025-02-05 22:00:00,0.286,0.25,19.26
2025-02-05 23:00:00,0.0,0.25,18.49
2025-02-06 00:00:00,0.0,0.25,18.89
2025-02-06 01:00:00,0.0,0.25,18.3
2025-02-06 02:00:00,0.0,0.25,18.14
2025-02-06 03:00:00,0.0,0.25,17.44
2025-02-06 04:00:00,0.0,0.25,16.99
2025-02-06 05:00:00,0.0,0.25,17.04
2025-02-06 06:00:00,0.0,0.25,16.68
2025-02-06 07:00:00,1.269,0.25,16.93
2025-02-06 08:00:00,0.837,0.25,17.66
2025-02-06 09:00:00,0.684,0.25,18.62
2025-02-06 10:00:00,0.571,0.25,18.55
2025-02-06 11:00:00,0.48,0.25,18.85
2025-02-06 12:00:00,0.406,0.25,19.01
2025-02-06 13:00:00,0.35,0.25,19.3
2025-02-06 14:00:00,0.298,0.25,19.12
2025-02-06 15:00:00,0.263,0.25,18.83
2025-02-06 16:00:00,0.257,0.25,19.21
2025-02-06 17:00:00,0.261,0.65,19.4
2025-02-06 18:00:00,0.265,0.65,19.03
2025-02-06 19:00:00,0.414,0.65,19.16
2025-02-06 20:00:00,0.282,0.65,19.03
2025-02-06 21:00:00,0.288,0.65,19.46
2025-02-06 22:00:00,0.302,0.25,19.26
2025-02-06 23:00:00,0.0,0.25,18.99
2025-02-07 00:00:00,0.0,0.25,18.6
2025-02-07 01:00:00,0.0,0.25,18.1
2025-02-07 02:00:00,0.0,0.25,17.79
2025-02-07 03:00:00,0.0,0.25,17.17
2025-02-07 04:00:00,0.0,0.25,16.64
2025-02-07 05:00:00,0.0,0.25,16.79
2025-02-07 06:00:00,0.0,0.25,16.52
2025-02-07 07:00:00,1.339,0.25,17.08
2025-02-07 08:00:00,0.886,0.25,17.82
2025-02-07 09:00:00,0.718,0.25,18.29
2025-02-07 10:00:00,0.594,0.25,18.12
2025-02-07 11:00:00,0.505,0.25,18.49
2025-02-07 12:00:00,0.442,0.25,18.83
2025-02-07 13:00:00,0.396,0.25,19.37
2025-02-07 14:00:00,0.366,0.25,19.24
2025-02-07 15:00:00,0.349,0.25,19.21
2025-02-07 16:00:00,0.339,0.25,18.94
2025-02-07 17:00:00,0.329,0.65,18.87
2025-02-07 18:00:00,0.316,0.65,19.24
2025-02-07 19:00:00,0.45,0.65,18.88
2025-02-07 20:00:00,0.307,0.65,19.06
2025-02-07 21:00:00,0.306,0.65,19.08
2025-02-07 22:00:00,0.315,0.25,19.39
2025-02-07 23:00:00,0.0,0.25,18.77
2025-02-08 00:00:00,0.0,0.25,18.0
2025-02-08 01:00:00,0.0,0.25,18.23
2025-02-08 02:00:00,0.0,0.25,17.64
2025-02-08 03:00:00,0.0,0.25,17.46
2025-02-08 04:00:00,0.0,0.25,17.11
2025-02-08 05:00:00,0.0,0.25,16.76
2025-02-08 06:00:00,0.0,0.25,16.67
2025-02-08 07:00:00,1.324,0.25,16.57
2025-02-08 08:00:00,0.875,0.25,17.43
2025-02-08 09:00:00,0.711,0.25,18.13
2025-02-08 10:00:00,0.594,0.25,18.19
2025-02-08 11:00:00,0.501,0.25,18.26
2025-02-08 12:00:00,0.424,0.25,18.93
2025-02-08 13:00:00,0.371,0.25,19.16
2025-02-08 14:00:00,0.334,0.25,19.03
2025-02-08 15:00:00,0.302,0.25,18.74
2025-02-08 16:00:00,0.285,0.25,19.31
2025-02-08 17:00:00,0.276,0.65,18.87
2025-02-08 18:00:00,0.27,0.65,19.27
2025-02-08 19:00:00,0.409,0.65,19.04
2025-02-08 20:00:00,0.267,0.65,18.99
2025-02-08 21:00:00,0.271,0.65,19.12
2025-02-08 22:00:00,0.286,0.25,19.12
2025-02-08 23:00:00,0.0,0.25,18.77
2025-02-09 00:00:00,0.0,0.25,18.64
2025-02-09 01:00:00,0.0,0.25,18.09
2025-02-09 02:00:00,0.0,0.25,18.04
2025-02-09 03:00:00,0.0,0.25,17.57
2025-02-09 04:00:00,0.0,0.25,17.04
2025-02-09 05:00:00,0.0,0.25,16.68
2025-02-09 06:00:00,0.0,0.25,16.21
2025-02-09 07:00:00,1.319,0.25,16.95
2025-02-09 08:00:00,0.877,0.25,17.46
2025-02-09 09:00:00,0.714,0.25,17.51
2025-02-09 10:00:00,0.593,0.25,18.21
2025-02-09 11:00:00,0.502,0.25,18.39
2025-02-09 12:00:00,0.433,0.25,19.08
2025-02-09 13:00:00,0.377,0.25,18.58
2025-02-09 14:00:00,0.337,0.25,18.74
2025-02-09 15:00:00,0.313,0.25,19.32
2025-02-09 16:00:00,0.301,0.25,19.39
2025-02-09 17:00:00,0.295,0.65,18.99
2025-02-09 18:00:00,0.288,0.65,19.03
2025-02-09 19:00:00,0.427,0.65,19.28
2025-02-09 20:00:00,0.289,0.65,18.69
2025-02-09 21:00:00,0.292,0.65,18.77
2025-02-09 22:00:00,0.305,0.25,19.04
2025-02-09 23:00:00,0.0,0.25,19.16
2025-02-10 00:00:00,0.0,0.25,18.39
2025-02-10 01:00:00,0.0,0.25,18.14
2025-02-10 02:00:00,0.0,0.25,17.98
2025-02-10 03:00:00,0.0,0.25,17.82
2025-02-10 04:00:00,0.0,0.25,16.93
2025-02-10 05:00:00,0.0,0.25,16.69
2025-02-10 06:00:00,0.0,0.25,16.72
2025-02-10 07:00:00,1.382,0.25,16.41
2025-02-10 08:00:00,0.932,0.25,17.58
2025-02-10 09:00:00,0.765,0.25,17.63
2025-02-10 10:00:00,0.643,0.25,18.19
2025-02-10 11:00:00,0.557,0.25,18.36
2025-02-10 12:00:00,0.491,0.25,18.4
2025-02-10 13:00:00,0.436,0.25,18.55
2025-02-10 14:00:00,0.399,0.25,18.9
2025-02-10 15:00:00,0.385,0.25,19.08
2025-02-10 16:00:00,0.382,0.25,18.86
2025-02-10 17:00:00,0.374,0.65,18.93
2025-02-10 18:00:00,0.362,0.65,19.06
2025-02-10 19:00:00,0.497,0.65,18.76
2025-02-10 20:00:00,0.353,0.65,19.12
2025-02-10 21:00:00,0.35,0.65,19.15
2025-02-10 22:00:00,0.351,0.25,19.49
2025-02-10 23:00:00,0.0,0.25,18.67
2025-02-11 00:00:00,0.0,0.25,18.28
2025-02-11 01:00:00,0.0,0.25,18.14
2025-02-11 02:00:00,0.0,0.25,17.79
2025-02-11 03:00:00,0.0,0.25,17.17
2025-02-11 04:00:00,0.0,0.25,16.86
2025-02-11 05:00:00,0.0,0.25,16.73
2025-02-11 06:00:00,0.0,0.25,16.16
2025-02-11 07:00:00,1.374,0.25,16.66
2025-02-11 08:00:00,0.911,0.25,17.45
2025-02-11 09:00:00,0.741,0.25,18.1
2025-02-11 10:00:00,0.625,0.25,18.1
2025-02-11 11:00:00,0.543,0.25,18.08
2025-02-11 12:00:00,0.485,0.25,18.22
2025-02-11 13:00:00,0.444,0.25,18.47
2025-02-11 14:00:00,0.414,0.25,18.54
2025-02-11 15:00:00,0.39,0.25,18.84
2025-02-11 16:00:00,0.373,0.25,18.68
2025-02-11 17:00:00,0.354,0.65,18.84
2025-02-11 18:00:00,0.332,0.65,18.88
2025-02-11 19:00:00,0.457,0.65,18.99
2025-02-11 20:00:00,0.307,0.65,19.37
2025-02-11 21:00:00,0.301,0.65,19.25
2025-02-11 22:00:00,0.303,0.25,19.11
2025-02-11 23:00:00,0.0,0.25,18.81
2025-02-12 00:00:00,0.0,0.25,18.49
2025-02-12 01:00:00,0.0,0.25,18.32
2025-02-12 02:00:00,0.0,0.25,18.05
2025-02-12 03:00:00,0.0,0.25,17.44
2025-02-12 04:00:00,0.0,0.25,17.33
2025-02-12 05:00:00,0.0,0.25,16.61
2025-02-12 06:00:00,0.0,0.25,16.76
2025-02-12 07:00:00,1.26,0.25,17.21
2025-02-12 08:00:00,0.83,0.25,17.6
2025-02-12 09:00:00,0.679,0.25,18.44
2025-02-12 10:00:00,0.571,0.25,18.2
2025-02-12 11:00:00,0.489,0.25,18.65
2025-02-12 12:00:00,0.424,0.25,18.78
2025-02-12 13:00:00,0.373,0.25,18.91
2025-02-12 14:00:00,0.334,0.25,19.02
2025-02-12 15:00:00,0.307,0.25,19.13
2025-02-12 16:00:00,0.304,0.25,19.28
2025-02-12 17:00:00,0.305,0.65,19.39
2025-02-12 18:00:00,0.302,0.65,19.12
2025-02-12 19:00:00,0.443,0.65,19.28
2025-02-12 20:00:00,0.304,0.65,18.97
2025-02-12 21:00:00,0.306,0.65,19.26
2025-02-12 22:00:00,0.312,0.25,18.93
2025-02-12 23:00:00,0.0,0.25,19.08
2025-02-13 00:00:00,0.0,0.25,18.94
2025-02-13 01:00:00,0.0,0.25,18.12
2025-02-13 02:00:00,0.0,0.25,17.35
2025-02-13 03:00:00,0.0,0.25,17.32
2025-02-13 04:00:00,0.0,0.25,17.31
2025-02-13 05:00:00,0.0,0.25,16.81
2025-02-13 06:00:00,0.0,0.25,16.39
2025-02-13 07:00:00,1.392,0.25,16.88
2025-02-13 08:00:00,0.948,0.25,17.42
2025-02-13 09:00:00,0.794,0.25,17.98
2025-02-13 10:00:00,0.686,0.25,18.23
2025-02-13 11:00:00,0.593,0.25,18.62
2025-02-13 12:00:00,0.511,0.25,18.61
2025-02-13 13:00:00,0.453,0.25,18.88
2025-02-13 14:00:00,0.41,0.25,18.76
2025-02-13 15:00:00,0.376,0.25,18.79
2025-02-13 16:00:00,0.367,0.25,19.27
2025-02-13 17:00:00,0.365,0.65,18.98
2025-02-13 18:00:00,0.36,0.65,19.11
2025-02-13 19:00:00,0.5,0.65,18.98
2025-02-13 20:00:00,0.36,0.65,18.83
2025-02-13 21:00:00,0.366,0.65,18.93
2025-02-13 22:00:00,0.38,0.25,19.17
2025-02-13 23:00:00,0.0,0.25,18.69
2025-02-14 00:00:00,0.0,0.25,17.75
2025-02-14 01:00:00,0.0,0.25,17.57
2025-02-14 02:00:00,0.0,0.25,17.51
2025-02-14 03:00:00,0.0,0.25,16.65
2025-02-14 04:00:00,0.0,0.25,15.88
2025-02-14 05:00:00,0.04,0.25,16.21
2025-02-14 06:00:00,0.149,0.25,15.66
2025-02-14 07:00:00,1.63,0.25,16.0
2025-02-14 08:00:00,1.134,0.25,16.73
2025-02-14 09:00:00,0.914,0.25,17.65
2025-02-14 10:00:00,0.731,0.25,17.83
2025-02-14 11:00:00,0.595,0.25,18.55
2025-02-14 12:00:00,0.503,0.25,18.67
2025-02-14 13:00:00,0.449,0.25,18.76
2025-02-14 14:00:00,0.414,0.25,18.84
2025-02-14 15:00:00,0.39,0.25,18.83
2025-02-14 16:00:00,0.381,0.25,19.1
2025-02-14 17:00:00,0.374,0.65,18.74
2025-02-14 18:00:00,0.363,0.65,18.62
2025-02-14 19:00:00,0.498,0.65,19.08
2025-02-14 20:00:00,0.355,0.65,19.09
2025-02-14 21:00:00,0.355,0.65,19.06
2025-02-14 22:00:00,0.362,0.25,19.01
2025-02-14 23:00:00,0.0,0.25,18.62
2025-02-15 00:00:00,0.0,0.25,18.44
2025-02-15 01:00:00,0.0,0.25,17.88
2025-02-15 02:00:00,0.0,0.25,17.41
2025-02-15 03:00:00,0.0,0.25,17.08
2025-02-15 04:00:00,0.0,0.25,17.18
2025-02-15 05:00:00,0.0,0.25,16.07
2025-02-15 06:00:00,0.002,0.25,16.16
2025-02-15 07:00:00,1.472,0.25,16.13
2025-02-15 08:00:00,0.997,0.25,17.17
2025-02-15 09:00:00,0.809,0.25,17.63
2025-02-15 10:00:00,0.668,0.25,17.69
2025-02-15 11:00:00,0.559,0.25,18.49
2025-02-15 12:00:00,0.476,0.25,18.57
2025-02-15 13:00:00,0.42,0.25,18.37
2025-02-15 14:00:00,0.389,0.25,19.04
2025-02-15 15:00:00,0.371,0.25,19.21
2025-02-15 16:00:00,0.362,0.25,19.24
2025-02-15 17:00:00,0.354,0.65,19.04
2025-02-15 18:00:00,0.345,0.65,19.0
2025-02-15 19:00:00,0.483,0.65,19.26
2025-02-15 20:00:00,0.344,0.65,19.33
2025-02-15 21:00:00,0.346,0.65,19.21
2025-02-15 22:00:00,0.357,0.25,18.76
2025-02-15 23:00:00,0.0,0.25,18.71
2025-02-16 00:00:00,0.0,0.25,18.34
2025-02-16 01:00:00,0.0,0.25,17.47
2025-02-16 02:00:00,0.0,0.25,17.52
2025-02-16 03:00:00,0.0,0.25,17.48
2025-02-16 04:00:00,0.0,0.25,16.76
2025-02-16 05:00:00,0.0,0.25,16.54
2025-02-16 06:00:00,0.03,0.25,15.91
2025-02-16 07:00:00,1.531,0.25,16.28
2025-02-16 08:00:00,1.048,0.25,17.12
2025-02-16 09:00:00,0.847,0.25,17.45
2025-02-16 10:00:00,0.687,0.25,17.87
2025-02-16 11:00:00,0.557,0.25,18.68
2025-02-16 12:00:00,0.455,0.25,18.99
2025-02-16 13:00:00,0.378,0.25,18.73
2025-02-16 14:00:00,0.328,0.25,19.25
2025-02-16 15:00:00,0.303,0.25,19.1
2025-02-16 16:00:00,0.298,0.25,19.19
2025-02-16 17:00:00,0.305,0.65,19.2
2025-02-16 18:00:00,0.317,0.65,19.27
2025-02-16 19:00:00,0.473,0.65,19.04
2025-02-16 20:00:00,0.348,0.65,19.26
2025-02-16 21:00:00,0.363,0.65,18.99
2025-02-16 22:00:00,0.387,0.25,18.98
2025-02-16 23:00:00,0.0,0.25,18.37
2025-02-17 00:00:00,0.0,0.25,18.48
2025-02-17 01:00:00,0.0,0.25,17.67
2025-02-17 02:00:00,0.0,0.25,17.25
2025-02-17 03:00:00,0.0,0.25,16.33
2025-02-17 04:00:00,0.0,0.25,16.03
2025-02-17 05:00:00,0.06,0.25,16.01
2025-02-17 06:00:00,0.181,0.25,15.48
2025-02-17 07:00:00,1.665,0.25,15.53
2025-02-17 08:00:00,1.162,0.25,16.93
2025-02-17 09:00:00,0.942,0.25,17.23
2025-02-17 10:00:00,0.766,0.25,18.12
2025-02-17 11:00:00,0.622,0.25,18.23
2025-02-17 12:00:00,0.508,0.25,18.61
2025-02-17 13:00:00,0.422,0.25,19.04
2025-02-17 14:00:00,0.363,0.25,18.78
2025-02-17 15:00:00,0.328,0.25,18.85
2025-02-17 16:00:00,0.319,0.25,19.03
2025-02-17 17:00:00,0.328,0.65,19.2
2025-02-17 18:00:00,0.343,0.65,18.72
2025-02-17 19:00:00,0.503,0.65,18.59
2025-02-17 20:00:00,0.382,0.65,19.04
2025-02-17 21:00:00,0.396,0.65,18.72
2025-02-17 22:00:00,0.413,0.25,18.7
2025-02-17 23:00:00,0.0,0.25,18.11
2025-02-18 00:00:00,0.0,0.25,17.87
2025-02-18 01:00:00,0.0,0.25,17.53
2025-02-18 02:00:00,0.0,0.25,17.24
2025-02-18 03:00:00,0.0,0.25,16.42
2025-02-18 04:00:00,0.0,0.25,16.45
2025-02-18 05:00:00,0.082,0.25,15.56
2025-02-18 06:00:00,0.193,0.25,15.26
2025-02-18 07:00:00,1.671,0.25,16.2
2025-02-18 08:00:00,1.165,0.25,16.76
2025-02-18 09:00:00,0.945,0.25,17.22
2025-02-18 10:00:00,0.769,0.25,17.8
2025-02-18 11:00:00,0.624,0.25,18.51
2025-02-18 12:00:00,0.506,0.25,18.86
2025-02-18 13:00:00,0.419,0.25,18.65
2025-02-18 14:00:00,0.36,0.25,18.96
2025-02-18 15:00:00,0.33,0.25,19.06
2025-02-18 16:00:00,0.322,0.25,18.86
2025-02-18 17:00:00,0.323,0.65,19.04
2025-02-18 18:00:00,0.335,0.65,19.02
2025-02-18 19:00:00,0.49,0.65,19.2
2025-02-18 20:00:00,0.362,0.65,19.18
2025-02-18 21:00:00,0.371,0.65,18.85
2025-02-18 22:00:00,0.384,0.25,18.83
2025-02-18 23:00:00,0.0,0.25,18.73
2025-02-19 00:00:00,0.0,0.25,18.06
2025-02-19 01:00:00,0.0,0.25,17.88
2025-02-19 02:00:00,0.0,0.25,17.34
2025-02-19 03:00:00,0.0,0.25,16.75
2025-02-19 04:00:00,0.0,0.25,16.35
2025-02-19 05:00:00,0.0,0.25,16.44
2025-02-19 06:00:00,0.055,0.25,15.75
2025-02-19 07:00:00,1.552,0.25,16.57
2025-02-19 08:00:00,1.059,0.25,16.92
2025-02-19 09:00:00,0.855,0.25,17.65
2025-02-19 10:00:00,0.704,0.25,18.48
2025-02-19 11:00:00,0.586,0.25,18.13
2025-02-19 12:00:00,0.488,0.25,18.23
2025-02-19 13:00:00,0.418,0.25,19.06
2025-02-19 14:00:00,0.364,0.25,18.8
2025-02-19 15:00:00,0.322,0.25,19.07
2025-02-19 16:00:00,0.304,0.25,19.0
2025-02-19 17:00:00,0.303,0.65,19.17
2025-02-19 18:00:00,0.304,0.65,18.92
2025-02-19 19:00:00,0.443,0.65,19.08
2025-02-19 20:00:00,0.302,0.65,19.21
2025-02-19 21:00:00,0.306,0.65,18.9
2025-02-19 22:00:00,0.32,0.25,18.91
2025-02-19 23:00:00,0.0,0.25,18.74
2025-02-20 00:00:00,0.0,0.25,18.14
2025-02-20 01:00:00,0.0,0.25,17.96
2025-02-20 02:00:00,0.0,0.25,17.69
2025-02-20 03:00:00,0.0,0.25,17.22
2025-02-20 04:00:00,0.0,0.25,16.88
2025-02-20 05:00:00,0.0,0.25,16.59
2025-02-20 06:00:00,0.0,0.25,16.14
2025-02-20 07:00:00,1.396,0.25,16.82
2025-02-20 08:00:00,0.926,0.25,17.68
2025-02-20 09:00:00,0.743,0.25,17.81
2025-02-20 10:00:00,0.599,0.25,18.41
2025-02-20 11:00:00,0.474,0.25,18.63
2025-02-20 12:00:00,0.369,0.25,19.04
2025-02-20 13:00:00,0.295,0.25,19.48
2025-02-20 14:00:00,0.245,0.25,19.4
2025-02-20 15:00:00,0.217,0.25,19.02
2025-02-20 16:00:00,0.205,0.25,19.5
2025-02-20 17:00:00,0.19,0.65,19.7
2025-02-20 18:00:00,0.171,0.65,19.46
2025-02-20 19:00:00,0.299,0.65,19.74
2025-02-20 20:00:00,0.15,0.65,19.43
2025-02-20 21:00:00,0.144,0.65,19.28
2025-02-20 22:00:00,0.146,0.25,19.6
2025-02-20 23:00:00,0.0,0.25,19.11
2025-02-21 00:00:00,0.0,0.25,19.24
2025-02-21 01:00:00,0.0,0.25,19.37
2025-02-21 02:00:00,0.0,0.25,18.55
2025-02-21 03:00:00,0.0,0.25,18.51
2025-02-21 04:00:00,0.0,0.25,18.39
2025-02-21 05:00:00,0.0,0.25,18.41
2025-02-21 06:00:00,0.0,0.25,18.18
2025-02-21 07:00:00,0.776,0.25,18.69
2025-02-21 08:00:00,0.451,0.25,18.92
2025-02-21 09:00:00,0.364,0.25,19.07
2025-02-21 10:00:00,0.283,0.25,19.24
2025-02-21 11:00:00,0.2,0.25,19.53
2025-02-21 12:00:00,0.129,0.25,19.48
2025-02-21 13:00:00,0.066,0.25,20.01
2025-02-21 14:00:00,0.015,0.25,19.75
2025-02-21 15:00:00,0.0,0.25,20.2
2025-02-21 16:00:00,0.0,0.25,20.27
2025-02-21 17:00:00,0.0,0.65,20.05
2025-02-21 18:00:00,0.005,0.65,19.95
2025-02-21 19:00:00,0.155,0.65,20.03
2025-02-21 20:00:00,0.027,0.65,19.34
2025-02-21 21:00:00,0.037,0.65,19.95
2025-02-21 22:00:00,0.054,0.25,19.81
2025-02-21 23:00:00,0.0,0.25,19.72
2025-02-22 00:00:00,0.0,0.25,19.72
2025-02-22 01:00:00,0.0,0.25,19.42
2025-02-22 02:00:00,0.0,0.25,19.05
2025-02-22 03:00:00,0.0,0.25,19.09
2025-02-22 04:00:00,0.0,0.25,18.97
2025-02-22 05:00:00,0.0,0.25,18.81
2025-02-22 06:00:00,0.0,0.25,18.66
2025-02-22 07:00:00,0.664,0.25,18.93
2025-02-22 08:00:00,0.376,0.25,18.72
2025-02-22 09:00:00,0.321,0.25,19.12
2025-02-22 10:00:00,0.28,0.25,19.46
2025-02-22 11:00:00,0.248,0.25,18.94
2025-02-22 12:00:00,0.218,0.25,19.41
2025-02-22 13:00:00,0.192,0.25,19.33
2025-02-22 14:00:00,0.174,0.25,19.42
2025-02-22 15:00:00,0.163,0.25,19.34
2025-02-22 16:00:00,0.162,0.25,19.49
2025-02-22 17:00:00,0.16,0.65,19.9
2025-02-22 18:00:00,0.155,0.65,19.29
2025-02-22 19:00:00,0.294,0.65,19.32
2025-02-22 20:00:00,0.154,0.65,19.29
2025-02-22 21:00:00,0.154,0.65,19.9
2025-02-22 22:00:00,0.164,0.25,19.42
2025-02-22 23:00:00,0.0,0.25,19.34
2025-02-23 00:00:00,0.0,0.25,19.03
2025-02-23 01:00:00,0.0,0.25,18.7
2025-02-23 02:00:00,0.0,0.25,18.61
2025-02-23 03:00:00,0.0,0.25,18.92
2025-02-23 04:00:00,0.0,0.25,18.47
2025-02-23 05:00:00,0.0,0.25,17.8
2025-02-23 06:00:00,0.0,0.25,17.89
2025-02-23 07:00:00,0.93,0.25,17.81
2025-02-23 08:00:00,0.572,0.25,18.03
2025-02-23 09:00:00,0.466,0.25,18.89
2025-02-23 10:00:00,0.379,0.25,19.16
2025-02-23 11:00:00,0.294,0.25,19.39
2025-02-23 12:00:00,0.209,0.25,19.33
2025-02-23 13:00:00,0.138,0.25,19.59
2025-02-23 14:00:00,0.085,0.25,19.92
2025-02-23 15:00:00,0.054,0.25,19.93
2025-02-23 16:00:00,0.048,0.25,19.78
2025-02-23 17:00:00,0.056,0.65,19.51
2025-02-23 18:00:00,0.07,0.65,19.81
2025-02-23 19:00:00,0.226,0.65,19.96
2025-02-23 20:00:00,0.096,0.65,19.48
2025-02-23 21:00:00,0.102,0.65,19.83
2025-02-23 22:00:00,0.11,0.25,19.74
2025-02-23 23:00:00,0.0,0.25,19.72
2025-02-24 00:00:00,0.0,0.25,19.6
2025-02-24 01:00:00,0.0,0.25,19.14
2025-02-24 02:00:00,0.0,0.25,18.81
2025-02-24 03:00:00,0.0,0.25,18.89
2025-02-24 04:00:00,0.0,0.25,19.05
2025-02-24 05:00:00,0.0,0.25,18.63
2025-02-24 06:00:00,0.0,0.25,18.47
2025-02-24 07:00:00,0.657,0.25,18.38
2025-02-24 08:00:00,0.359,0.25,19.33
2025-02-24 09:00:00,0.299,0.25,19.32
2025-02-24 10:00:00,0.25,0.25,19.45
2025-02-24 11:00:00,0.213,0.25,19.58
2025-02-24 12:00:00,0.196,0.25,19.55
2025-02-24 13:00:00,0.184,0.25,19.42
2025-02-24 14:00:00,0.177,0.25,19.45
2025-02-24 15:00:00,0.174,0.25,19.41
2025-02-24 16:00:00,0.175,0.25,20.01
2025-02-24 17:00:00,0.171,0.65,19.62
2025-02-24 18:00:00,0.159,0.65,19.44
2025-02-24 19:00:00,0.294,0.65,19.65
2025-02-24 20:00:00,0.153,0.65,19.35
2025-02-24 21:00:00,0.155,0.65,19.85
2025-02-24 22:00:00,0.162,0.25,19.39
2025-02-24 23:00:00,0.0,0.25,19.49
2025-02-25 00:00:00,0.0,0.25,19.4
2025-02-25 01:00:00,0.0,0.25,19.07
2025-02-25 02:00:00,0.0,0.25,18.81
2025-02-25 03:00:00,0.0,0.25,18.59
2025-02-25 04:00:00,0.0,0.25,18.37
2025-02-25 05:00:00,0.0,0.25,18.07
2025-02-25 06:00:00,0.0,0.25,17.89
2025-02-25 07:00:00,0.861,0.25,18.47
2025-02-25 08:00:00,0.525,0.25,18.49
2025-02-25 09:00:00,0.438,0.25,18.6
2025-02-25 10:00:00,0.359,0.25,18.89
2025-02-25 11:00:00,0.285,0.25,19.42
2025-02-25 12:00:00,0.233,0.25,19.47
2025-02-25 13:00:00,0.2,0.25,19.54
2025-02-25 14:00:00,0.177,0.25,19.44
2025-02-25 15:00:00,0.159,0.25,19.66
2025-02-25 16:00:00,0.156,0.25,19.41
2025-02-25 17:00:00,0.158,0.65,19.49
2025-02-25 18:00:00,0.155,0.65,19.74
2025-02-25 19:00:00,0.299,0.65,19.71
2025-02-25 20:00:00,0.167,0.65,19.31
2025-02-25 21:00:00,0.178,0.65,19.31
2025-02-25 22:00:00,0.193,0.25,19.45
2025-02-25 23:00:00,0.0,0.25,19.6
2025-02-26 00:00:00,0.0,0.25,18.61
2025-02-26 01:00:00,0.0,0.25,18.78
2025-02-26 02:00:00,0.0,0.25,18.18
2025-02-26 03:00:00,0.0,0.25,18.07
2025-02-26 04:00:00,0.0,0.25,17.85
2025-02-26 05:00:00,0.0,0.25,17.57
2025-02-26 06:00:00,0.0,0.25,17.28
2025-02-26 07:00:00,1.056,0.25,17.62
2025-02-26 08:00:00,0.676,0.25,17.99
2025-02-26 09:00:00,0.538,0.25,18.2
2025-02-26 10:00:00,0.416,0.25,18.99
2025-02-26 11:00:00,0.313,0.25,19.28
2025-02-26 12:00:00,0.229,0.25,19.53
2025-02-26 13:00:00,0.17,0.25,19.21
2025-02-26 14:00:00,0.136,0.25,19.68
2025-02-26 15:00:00,0.12,0.25,19.79
2025-02-26 16:00:00,0.128,0.25,19.41
2025-02-26 17:00:00,0.142,0.65,19.58
2025-02-26 18:00:00,0.15,0.65,19.53
2025-02-26 19:00:00,0.301,0.65,19.89
2025-02-26 20:00:00,0.175,0.65,19.87
2025-02-26 21:00:00,0.19,0.65,19.11
2025-02-26 22:00:00,0.208,0.25,19.88
2025-02-26 23:00:00,0.0,0.25,19.02
2025-02-27 00:00:00,0.0,0.25,19.13
2025-02-27 01:00:00,0.0,0.25,18.85
2025-02-27 02:00:00,0.0,0.25,18.17
2025-02-27 03:00:00,0.0,0.25,18.2
2025-02-27 04:00:00,0.0,0.25,17.81
2025-02-27 05:00:00,0.0,0.25,17.68
2025-02-27 06:00:00,0.0,0.25,17.37
2025-02-27 07:00:00,1.072,0.25,17.82
2025-02-27 08:00:00,0.684,0.25,18.09
2025-02-27 09:00:00,0.553,0.25,18.41
2025-02-27 10:00:00,0.453,0.25,18.94
2025-02-27 11:00:00,0.376,0.25,19.05
2025-02-27 12:00:00,0.316,0.25,19.25
2025-02-27 13:00:00,0.266,0.25,19.11
2025-02-27 14:00:00,0.232,0.25,19.12
2025-02-27 15:00:00,0.225,0.25,19.23
2025-02-27 16:00:00,0.233,0.25,19.19
2025-02-27 17:00:00,0.238,0.65,19.46
2025-02-27 18:00:00,0.24,0.65,19.49
2025-02-27 19:00:00,0.384,0.65,19.25
2025-02-27 20:00:00,0.249,0.65,19.56
2025-02-27 21:00:00,0.255,0.65,19.52
2025-02-27 22:00:00,0.269,0.25,19.25
2025-02-27 23:00:00,0.0,0.25,18.83
2025-02-28 00:00:00,0.0,0.25,19.01
2025-02-28 01:00:00,0.0,0.25,18.38
2025-02-28 02:00:00,0.0,0.25,18.12
2025-02-28 03:00:00,0.0,0.25,17.76
2025-02-28 04:00:00,0.0,0.25,17.38
2025-02-28 05:00:00,0.0,0.25,16.99
2025-02-28 06:00:00,0.0,0.25,17.14
2025-02-28 07:00:00,1.166,0.25,17.16
2025-02-28 08:00:00,0.752,0.25,18.5
2025-02-28 09:00:00,0.604,0.25,18.08
2025-02-28 10:00:00,0.494,0.25,18.35
2025-02-28 11:00:00,0.412,0.25,18.93
2025-02-28 12:00:00,0.341,0.25,19.34
2025-02-28 13:00:00,0.29,0.25,19.18
2025-02-28 14:00:00,0.264,0.25,19.36
2025-02-28 15:00:00,0.248,0.25,18.91
2025-02-28 16:00:00,0.241,0.25,19.16
2025-02-28 17:00:00,0.231,0.65,19.12
2025-02-28 18:00:00,0.228,0.65,18.95
2025-02-28 19:00:00,0.376,0.65,19.33
2025-02-28 20:00:00,0.254,0.65,18.8
2025-02-28 21:00:00,0.279,0.65,18.91
2025-02-28 22:00:00,0.304,0.25,18.99
2025-02-28 23:00:00,0.0,0.25,18.68
2025-03-01 00:00:00,0.0,0.25,18.56
2025-03-01 01:00:00,0.0,0.25,18.18
2025-03-01 02:00:00,0.0,0.25,17.93
2025-03-01 03:00:00,0.0,0.25,17.55
2025-03-01 04:00:00,0.0,0.25,17.31
2025-03-01 05:00:00,0.0,0.25,16.78
2025-03-01 06:00:00,0.0,0.25,16.54
2025-03-01 07:00:00,1.328,0.25,16.98
2025-03-01 08:00:00,0.868,0.25,17.59
2025-03-01 09:00:00,0.689,0.25,17.98
2025-03-01 10:00:00,0.557,0.25,18.36
2025-03-01 11:00:00,0.459,0.25,18.54
2025-03-01 12:00:00,0.384,0.25,18.99
2025-03-01 13:00:00,0.317,0.25,19.09
2025-03-01 14:00:00,0.26,0.25,19.13
2025-03-01 15:00:00,0.225,0.25,19.22
2025-03-01 16:00:00,0.217,0.25,19.12
2025-03-01 17:00:00,0.223,0.65,19.54
2025-03-01 18:00:00,0.234,0.65,19.32
2025-03-01 19:00:00,0.397,0.65,19.06
2025-03-01 20:00:00,0.286,0.65,19.31
2025-03-01 21:00:00,0.316,0.65,18.95
2025-03-01 22:00:00,0.349,0.25,18.68
2025-03-01 23:00:00,0.0,0.25,18.86
2025-03-02 00:00:00,0.0,0.25,18.09
2025-03-02 01:00:00,0.0,0.25,17.67
2025-03-02 02:00:00,0.0,0.25,17.33
2025-03-02 03:00:00,0.0,0.25,17.13
2025-03-02 04:00:00,0.0,0.25,16.48
2025-03-02 05:00:00,0.003,0.25,15.82
2025-03-02 06:00:00,0.088,0.25,15.8
2025-03-02 07:00:00,1.585,0.25,16.05
2025-03-02 08:00:00,1.087,0.25,17.32
2025-03-02 09:00:00,0.87,0.25,17.55
2025-03-02 10:00:00,0.691,0.25,17.62
2025-03-02 11:00:00,0.531,0.25,18.6
2025-03-02 12:00:00,0.398,0.25,19.28
2025-03-02 13:00:00,0.3,0.25,19.48
2025-03-02 14:00:00,0.228,0.25,19.73
2025-03-02 15:00:00,0.182,0.25,19.28
2025-03-02 16:00:00,0.164,0.25,19.7
2025-03-02 17:00:00,0.164,0.65,19.38
2025-03-02 18:00:00,0.182,0.65,19.49
2025-03-02 19:00:00,0.363,0.65,19.07
2025-03-02 20:00:00,0.266,0.65,19.07
2025-03-02 21:00:00,0.303,0.65,18.96
2025-03-02 22:00:00,0.342,0.25,19.16
2025-03-02 23:00:00,0.0,0.25,18.81
2025-03-03 00:00:00,0.0,0.25,18.23
2025-03-03 01:00:00,0.0,0.25,17.43
2025-03-03 02:00:00,0.0,0.25,17.16
2025-03-03 03:00:00,0.0,0.25,16.62
2025-03-03 04:00:00,0.0,0.25,16.49
2025-03-03 05:00:00,0.028,0.25,16.12
2025-03-03 06:00:00,0.143,0.25,15.74
2025-03-03 07:00:00,1.628,0.25,15.87
2025-03-03 08:00:00,1.11,0.25,16.34
2025-03-03 09:00:00,0.862,0.25,17.24
2025-03-03 10:00:00,0.653,0.25,18.47
2025-03-03 11:00:00,0.483,0.25,18.58
2025-03-03 12:00:00,0.354,0.25,18.87
2025-03-03 13:00:00,0.26,0.25,19.61
2025-03-03 14:00:00,0.192,0.25,19.72
2025-03-03 15:00:00,0.151,0.25,19.58
2025-03-03 16:00:00,0.135,0.25,19.55
2025-03-03 17:00:00,0.137,0.65,19.57
2025-03-03 18:00:00,0.16,0.65,19.56
2025-03-03 19:00:00,0.345,0.65,19.7
2025-03-03 20:00:00,0.25,0.65,19.33
2025-03-03 21:00:00,0.29,0.65,19.28
2025-03-03 22:00:00,0.331,0.25,19.25
2025-03-03 23:00:00,0.0,0.25,18.45
2025-03-04 00:00:00,0.0,0.25,18.37
2025-03-04 01:00:00,0.0,0.25,17.7
2025-03-04 02:00:00,0.0,0.25,16.79
2025-03-04 03:00:00,0.0,0.25,16.41
2025-03-04 04:00:00,0.0,0.25,16.17
2025-03-04 05:00:00,0.019,0.25,16.04
2025-03-04 06:00:00,0.13,0.25,15.59
2025-03-04 07:00:00,1.616,0.25,16.09
2025-03-04 08:00:00,1.105,0.25,17.29
2025-03-04 09:00:00,0.866,0.25,17.32
2025-03-04 10:00:00,0.661,0.25,18.16
2025-03-04 11:00:00,0.486,0.25,18.72
2025-03-04 12:00:00,0.345,0.25,18.91
2025-03-04 13:00:00,0.238,0.25,19.35
2025-03-04 14:00:00,0.163,0.25,19.23
2025-03-04 15:00:00,0.118,0.25,19.95
2025-03-04 16:00:00,0.102,0.25,19.57
2025-03-04 17:00:00,0.102,0.65,20.1
2025-03-04 18:00:00,0.118,0.65,19.63
2025-03-04 19:00:00,0.297,0.65,19.72
2025-03-04 20:00:00,0.208,0.65,19.36
2025-03-04 21:00:00,0.255,0.65,19.23
2025-03-04 22:00:00,0.3,0.25,18.98
2025-03-04 23:00:00,0.0,0.25,18.8
2025-03-05 00:00:00,0.0,0.25,18.39
2025-03-05 01:00:00,0.0,0.25,17.71
2025-03-05 02:00:00,0.0,0.25,17.4
2025-03-05 03:00:00,0.0,0.25,16.86
2025-03-05 04:00:00,0.0,0.25,17.01
2025-03-05 05:00:00,0.0,0.25,16.11
2025-03-05 06:00:00,0.062,0.25,16.08
2025-03-05 07:00:00,1.548,0.25,16.21
2025-03-05 08:00:00,1.031,0.25,17.18
2025-03-05 09:00:00,0.775,0.25,17.58
2025-03-05 10:00:00,0.563,0.25,18.36
2025-03-05 11:00:00,0.385,0.25,19.0
2025-03-05 12:00:00,0.244,0.25,19.66
2025-03-05 13:00:00,0.141,0.25,19.67
2025-03-05 14:00:00,0.071,0.25,20.09
2025-03-05 15:00:00,0.03,0.25,20.05
2025-03-05 16:00:00,0.014,0.25,20.29
2025-03-05 17:00:00,0.018,0.65,19.93
2025-03-05 18:00:00,0.05,0.65,20.3
2025-03-05 19:00:00,0.25,0.65,19.55
2025-03-05 20:00:00,0.165,0.65,19.34
2025-03-05 21:00:00,0.213,0.65,19.11
2025-03-05 22:00:00,0.261,0.25,19.68
2025-03-05 23:00:00,0.0,0.25,19.07
2025-03-06 00:00:00,0.0,0.25,18.41
2025-03-06 01:00:00,0.0,0.25,18.31
2025-03-06 02:00:00,0.0,0.25,17.79
2025-03-06 03:00:00,0.0,0.25,17.66
2025-03-06 04:00:00,0.0,0.25,16.57
2025-03-06 05:00:00,0.0,0.25,16.43
2025-03-06 06:00:00,0.0,0.25,16.02
2025-03-06 07:00:00,1.453,0.25,16.13
2025-03-06 08:00:00,0.956,0.25,17.54
2025-03-06 09:00:00,0.722,0.25,17.94
2025-03-06 10:00:00,0.525,0.25,18.7
2025-03-06 11:00:00,0.358,0.25,19.5
2025-03-06 12:00:00,0.229,0.25,19.31
2025-03-06 13:00:00,0.131,0.25,19.58
2025-03-06 14:00:00,0.053,0.25,19.9
2025-03-06 15:00:00,0.006,0.25,20.21
2025-03-06 16:00:00,0.0,0.25,19.97
2025-03-06 17:00:00,0.0,0.65,19.98
2025-03-06 18:00:00,0.0,0.65,20.28
2025-03-06 19:00:00,0.16,0.65,19.99
2025-03-06 20:00:00,0.084,0.65,19.32
2025-03-06 21:00:00,0.142,0.65,19.31
2025-03-06 22:00:00,0.191,0.25,19.72
2025-03-06 23:00:00,0.0,0.25,19.26
2025-03-07 00:00:00,0.0,0.25,18.68
2025-03-07 01:00:00,0.0,0.25,18.46
2025-03-07 02:00:00,0.0,0.25,18.2
2025-03-07 03:00:00,0.0,0.25,18.07
2025-03-07 04:00:00,0.0,0.25,17.4
2025-03-07 05:00:00,0.0,0.25,17.26
2025-03-07 06:00:00,0.0,0.25,17.23
2025-03-07 07:00:00,1.116,0.25,17.44
2025-03-07 08:00:00,0.703,0.25,18.15
2025-03-07 09:00:00,0.529,0.25,18.28
2025-03-07 10:00:00,0.38,0.25,19.03
2025-03-07 11:00:00,0.249,0.25,19.55
2025-03-07 12:00:00,0.14,0.25,19.74
2025-03-07 13:00:00,0.054,0.25,19.91
2025-03-07 14:00:00,0.003,0.25,20.02
2025-03-07 15:00:00,0.0,0.25,19.99
2025-03-07 16:00:00,0.0,0.25,20.21
2025-03-07 17:00:00,0.0,0.65,20.5
2025-03-07 18:00:00,0.0,0.65,20.15
2025-03-07 19:00:00,0.143,0.65,19.83
2025-03-07 20:00:00,0.051,0.65,19.72
2025-03-07 21:00:00,0.109,0.65,19.7
2025-03-07 22:00:00,0.163,0.25,19.42
2025-03-07 23:00:00,0.0,0.25,19.33
2025-03-08 00:00:00,0.0,0.25,18.99
2025-03-08 01:00:00,0.0,0.25,18.71
2025-03-08 02:00:00,0.0,0.25,18.46
2025-03-08 03:00:00,0.0,0.25,18.01
2025-03-08 04:00:00,0.0,0.25,17.27
2025-03-08 05:00:00,0.0,0.25,16.92
2025-03-08 06:00:00,0.0,0.25,16.74
2025-03-08 07:00:00,1.256,0.25,16.98
2025-03-08 08:00:00,0.806,0.25,17.53
2025-03-08 09:00:00,0.596,0.25,18.26
2025-03-08 10:00:00,0.411,0.25,18.79
2025-03-08 11:00:00,0.252,0.25,19.2
2025-03-08 12:00:00,0.127,0.25,19.62
2025-03-08 13:00:00,0.03,0.25,20.19
2025-03-08 14:00:00,0.0,0.25,20.21
2025-03-08 15:00:00,0.0,0.25,20.82
2025-03-08 16:00:00,0.0,0.25,20.46
2025-03-08 17:00:00,0.0,0.65,20.42
2025-03-08 18:00:00,0.0,0.65,20.42
2025-03-08 19:00:00,0.14,0.65,20.3
2025-03-08 20:00:00,0.0,0.65,20.15
2025-03-08 21:00:00,0.02,0.65,20.34
2025-03-08 22:00:00,0.055,0.25,19.65
2025-03-08 23:00:00,0.0,0.25,19.81
2025-03-09 00:00:00,0.0,0.25,19.44
2025-03-09 01:00:00,0.0,0.25,18.81
2025-03-09 02:00:00,0.0,0.25,18.99
2025-03-09 03:00:00,0.0,0.25,18.76
2025-03-09 04:00:00,0.0,0.25,17.98
2025-03-09 05:00:00,0.0,0.25,17.78
2025-03-09 06:00:00,0.0,0.25,17.07
2025-03-09 07:00:00,1.066,0.25,17.34
2025-03-09 08:00:00,0.674,0.25,18.33
2025-03-09 09:00:00,0.502,0.25,18.52
2025-03-09 10:00:00,0.349,0.25,18.83
2025-03-09 11:00:00,0.218,0.25,19.47
2025-03-09 12:00:00,0.111,0.25,19.61
2025-03-09 13:00:00,0.034,0.25,19.84
2025-03-09 14:00:00,0.0,0.25,20.2
2025-03-09 15:00:00,0.0,0.25,19.92
2025-03-09 16:00:00,0.0,0.25,20.02
2025-03-09 17:00:00,0.0,0.65,20.25
2025-03-09 18:00:00,0.0,0.65,20.36
2025-03-09 19:00:00,0.144,0.65,20.25
2025-03-09 20:00:00,0.058,0.65,19.66
2025-03-09 21:00:00,0.121,0.65,19.81
2025-03-09 22:00:00,0.178,0.25,19.3
2025-03-09 23:00:00,0.0,0.25,19.55
2025-03-10 00:00:00,0.0,0.25,18.6
2025-03-10 01:00:00,0.0,0.25,18.74
2025-03-10 02:00:00,0.0,0.25,17.98
2025-03-10 03:00:00,0.0,0.25,18.15
2025-03-10 04:00:00,0.0,0.25,17.49
2025-03-10 05:00:00,0.0,0.25,16.8
2025-03-10 06:00:00,0.0,0.25,16.54
2025-03-10 07:00:00,1.292,0.25,17.12
2025-03-10 08:00:00,0.835,0.25,17.88
2025-03-10 09:00:00,0.622,0.25,18.26
2025-03-10 10:00:00,0.442,0.25,18.8
2025-03-10 11:00:00,0.29,0.25,19.37
2025-03-10 12:00:00,0.168,0.25,19.59
2025-03-10 13:00:00,0.075,0.25,19.56
2025-03-10 14:00:00,0.013,0.25,19.82
2025-03-10 15:00:00,0.0,0.25,20.13
2025-03-10 16:00:00,0.0,0.25,20.36
2025-03-10 17:00:00,0.0,0.65,20.41
2025-03-10 18:00:00,0.001,0.65,20.16
2025-03-10 19:00:00,0.173,0.65,19.94
2025-03-10 20:00:00,0.076,0.65,19.91
2025-03-10 21:00:00,0.114,0.65,19.52
2025-03-10 22:00:00,0.152,0.25,19.51
2025-03-10 23:00:00,0.0,0.25,19.16
2025-03-11 00:00:00,0.0,0.25,18.76
2025-03-11 01:00:00,0.0,0.25,18.75
2025-03-11 02:00:00,0.0,0.25,18.41
2025-03-11 03:00:00,0.0,0.25,18.23
2025-03-11 04:00:00,0.0,0.25,17.94
2025-03-11 05:00:00,0.0,0.25,17.62
2025-03-11 06:00:00,0.0,0.25,17.44
2025-03-11 07:00:00,1.065,0.25,17.6
2025-03-11 08:00:00,0.673,0.25,18.19
2025-03-11 09:00:00,0.543,0.25,18.32
2025-03-11 10:00:00,0.444,0.25,18.82
2025-03-11 11:00:00,0.375,0.25,19.06
2025-03-11 12:00:00,0.328,0.25,18.93
2025-03-11 13:00:00,0.284,0.25,19.2
2025-03-11 14:00:00,0.233,0.25,19.22
2025-03-11 15:00:00,0.197,0.25,19.32
2025-03-11 16:00:00,0.196,0.25,19.2
2025-03-11 17:00:00,0.201,0.65,19.66
2025-03-11 18:00:00,0.211,0.65,19.59
2025-03-11 19:00:00,0.368,0.65,19.43
2025-03-11 20:00:00,0.242,0.65,19.68
2025-03-11 21:00:00,0.253,0.65,19.22
2025-03-11 22:00:00,0.272,0.25,19.8
2025-03-11 23:00:00,0.0,0.25,18.89
2025-03-12 00:00:00,0.0,0.25,18.61
2025-03-12 01:00:00,0.0,0.25,18.12
2025-03-12 02:00:00,0.0,0.25,17.94
2025-03-12 03:00:00,0.0,0.25,17.73
2025-03-12 04:00:00,0.0,0.25,17.24
2025-03-12 05:00:00,0.0,0.25,17.33
2025-03-12 06:00:00,0.0,0.25,16.73
2025-03-12 07:00:00,1.266,0.25,17.1
2025-03-12 08:00:00,0.817,0.25,17.53
2025-03-12 09:00:00,0.637,0.25,18.3
2025-03-12 10:00:00,0.498,0.25,18.58
2025-03-12 11:00:00,0.399,0.25,18.75
2025-03-12 12:00:00,0.322,0.25,18.95
2025-03-12 13:00:00,0.244,0.25,19.86
2025-03-12 14:00:00,0.2,0.25,19.37
2025-03-12 15:00:00,0.189,0.25,19.16
2025-03-12 16:00:00,0.19,0.25,19.3
2025-03-12 17:00:00,0.192,0.65,19.43
2025-03-12 18:00:00,0.202,0.65,19.51
2025-03-12 19:00:00,0.368,0.65,19.43
2025-03-12 20:00:00,0.257,0.65,19.37
2025-03-12 21:00:00,0.287,0.65,19.02
2025-03-12 22:00:00,0.326,0.25,19.1
2025-03-12 23:00:00,0.0,0.25,18.54
2025-03-13 00:00:00,0.0,0.25,18.15
2025-03-13 01:00:00,0.0,0.25,17.68
2025-03-13 02:00:00,0.0,0.25,17.26
2025-03-13 03:00:00,0.0,0.25,17.37
2025-03-13 04:00:00,0.0,0.25,16.97
2025-03-13 05:00:00,0.0,0.25,16.67
2025-03-13 06:00:00,0.001,0.25,16.09
2025-03-13 07:00:00,1.468,0.25,16.64
2025-03-13 08:00:00,0.971,0.25,16.93
2025-03-13 09:00:00,0.743,0.25,18.1
2025-03-13 10:00:00,0.572,0.25,18.43
2025-03-13 11:00:00,0.453,0.25,18.85
2025-03-13 12:00:00,0.376,0.25,19.01
2025-03-13 13:00:00,0.326,0.25,18.87
2025-03-13 14:00:00,0.288,0.25,18.87
2025-03-13 15:00:00,0.262,0.25,19.1
2025-03-13 16:00:00,0.254,0.25,19.37
2025-03-13 17:00:00,0.251,0.65,19.41
2025-03-13 18:00:00,0.249,0.65,19.0
2025-03-13 19:00:00,0.399,0.65,19.04
2025-03-13 20:00:00,0.28,0.65,19.02
2025-03-13 21:00:00,0.303,0.65,19.04
2025-03-13 22:00:00,0.33,0.25,18.74
2025-03-13 23:00:00,0.0,0.25,18.42
2025-03-14 00:00:00,0.0,0.25,18.07
2025-03-14 01:00:00,0.0,0.25,17.78
2025-03-14 02:00:00,0.0,0.25,17.05
2025-03-14 03:00:00,0.0,0.25,16.8
2025-03-14 04:00:00,0.0,0.25,16.6
2025-03-14 05:00:00,0.006,0.25,15.75
2025-03-14 06:00:00,0.094,0.25,15.63
2025-03-14 07:00:00,1.572,0.25,16.4
2025-03-14 08:00:00,1.045,0.25,17.0
2025-03-14 09:00:00,0.795,0.25,17.67
2025-03-14 10:00:00,0.593,0.25,18.59
2025-03-14 11:00:00,0.465,0.25,18.61
2025-03-14 12:00:00,0.383,0.25,19.15
2025-03-14 13:00:00,0.307,0.25,19.21
2025-03-14 14:00:00,0.27,0.25,19.16
2025-03-14 15:00:00,0.247,0.25,19.38
2025-03-14 16:00:00,0.231,0.25,19.4
2025-03-14 17:00:00,0.22,0.65,19.57
2025-03-14 18:00:00,0.224,0.65,19.23
2025-03-14 19:00:00,0.383,0.65,19.29
2025-03-14 20:00:00,0.264,0.65,19.21
2025-03-14 21:00:00,0.285,0.65,19.3
2025-03-14 22:00:00,0.312,0.25,18.87
2025-03-14 23:00:00,0.0,0.25,19.01
2025-03-15 00:00:00,0.0,0.25,18.52
2025-03-15 01:00:00,0.0,0.25,17.78
2025-03-15 02:00:00,0.0,0.25,17.89
2025-03-15 03:00:00,0.0,0.25,17.73
2025-03-15 04:00:00,0.0,0.25,17.13
2025-03-15 05:00:00,0.0,0.25,16.88
2025-03-15 06:00:00,0.0,0.25,16.28
2025-03-15 07:00:00,1.404,0.25,16.33
2025-03-15 08:00:00,0.934,0.25,17.01
2025-03-15 09:00:00,0.734,0.25,18.0
2025-03-15 10:00:00,0.564,0.25,18.31
2025-03-15 11:00:00,0.435,0.25,18.6
2025-03-15 12:00:00,0.351,0.25,18.99
2025-03-15 13:00:00,0.297,0.25,19.28
2025-03-15 14:00:00,0.256,0.25,18.98
2025-03-15 15:00:00,0.228,0.25,19.26
2025-03-15 16:00:00,0.217,0.25,19.67
2025-03-15 17:00:00,0.215,0.65,19.16
2025-03-15 18:00:00,0.217,0.65,19.54
2025-03-15 19:00:00,0.37,0.65,19.23
2025-03-15 20:00:00,0.246,0.65,19.38
2025-03-15 21:00:00,0.265,0.65,19.43
2025-03-15 22:00:00,0.293,0.25,19.28
2025-03-15 23:00:00,0.0,0.25,19.03
2025-03-16 00:00:00,0.0,0.25,18.22
2025-03-16 01:00:00,0.0,0.25,18.27
2025-03-16 02:00:00,0.0,0.25,17.49
2025-03-16 03:00:00,0.0,0.25,17.32
2025-03-16 04:00:00,0.0,0.25,16.92
2025-03-16 05:00:00,0.0,0.25,16.57
2025-03-16 06:00:00,0.0,0.25,16.16
2025-03-16 07:00:00,1.459,0.25,16.34
2025-03-16 08:00:00,0.964,0.25,17.03
2025-03-16 09:00:00,0.74,0.25,18.11
2025-03-16 10:00:00,0.559,0.25,18.48
2025-03-16 11:00:00,0.414,0.25,19.08
2025-03-16 12:00:00,0.302,0.25,19.16
2025-03-16 13:00:00,0.217,0.25,19.12
2025-03-16 14:00:00,0.159,0.25,19.75
2025-03-16 15:00:00,0.127,0.25,19.56
2025-03-16 16:00:00,0.122,0.25,19.71
2025-03-16 17:00:00,0.134,0.65,19.47
2025-03-16 18:00:00,0.153,0.65,19.87
2025-03-16 19:00:00,0.316,0.65,19.3
2025-03-16 20:00:00,0.194,0.65,19.36
2025-03-16 21:00:00,0.208,0.65,19.41
2025-03-16 22:00:00,0.226,0.25,19.11
2025-03-16 23:00:00,0.0,0.25,19.2
2025-03-17 00:00:00,0.0,0.25,19.18
2025-03-17 01:00:00,0.0,0.25,18.48
2025-03-17 02:00:00,0.0,0.25,18.37
2025-03-17 03:00:00,0.0,0.25,17.46
2025-03-17 04:00:00,0.0,0.25,17.72
2025-03-17 05:00:00,0.0,0.25,17.38
2025-03-17 06:00:00,0.0,0.25,17.01
2025-03-17 07:00:00,1.116,0.25,17.68
2025-03-17 08:00:00,0.71,0.25,17.94
2025-03-17 09:00:00,0.555,0.25,18.41
2025-03-17 10:00:00,0.423,0.25,18.75
2025-03-17 11:00:00,0.312,0.25,18.75
2025-03-17 12:00:00,0.219,0.25,19.17
2025-03-17 13:00:00,0.151,0.25,19.78
2025-03-17 14:00:00,0.108,0.25,19.28
2025-03-17 15:00:00,0.086,0.25,19.6
2025-03-17 16:00:00,0.086,0.25,19.66
2025-03-17 17:00:00,0.099,0.65,20.05
2025-03-17 18:00:00,0.122,0.65,19.78
2025-03-17 19:00:00,0.3,0.65,19.4
2025-03-17 20:00:00,0.198,0.65,19.67
2025-03-17 21:00:00,0.229,0.65,19.17
2025-03-17 22:00:00,0.258,0.25,19.43
2025-03-17 23:00:00,0.0,0.25,18.71
2025-03-18 00:00:00,0.0,0.25,18.82
2025-03-18 01:00:00,0.0,0.25,18.13
2025-03-18 02:00:00,0.0,0.25,17.61
2025-03-18 03:00:00,0.0,0.25,17.37
2025-03-18 04:00:00,0.0,0.25,17.06
2025-03-18 05:00:00,0.0,0.25,16.5
2025-03-18 06:00:00,0.0,0.25,16.32
2025-03-18 07:00:00,1.423,0.25,16.49
2025-03-18 08:00:00,0.934,0.25,17.52
2025-03-18 09:00:00,0.71,0.25,18.11
2025-03-18 10:00:00,0.53,0.25,18.52
2025-03-18 11:00:00,0.386,0.25,18.85
2025-03-18 12:00:00,0.27,0.25,19.29
2025-03-18 13:00:00,0.181,0.25,19.62
2025-03-18 14:00:00,0.118,0.25,20.09
2025-03-18 15:00:00,0.081,0.25,19.96
2025-03-18 16:00:00,0.068,0.25,20.0
2025-03-18 17:00:00,0.072,0.65,20.4
2025-03-18 18:00:00,0.09,0.65,19.83
2025-03-18 19:00:00,0.262,0.65,19.72
2025-03-18 20:00:00,0.156,0.65,19.67
2025-03-18 21:00:00,0.189,0.65,19.23
2025-03-18 22:00:00,0.229,0.25,19.22
2025-03-18 23:00:00,0.0,0.25,18.94
2025-03-19 00:00:00,0.0,0.25,18.79
2025-03-19 01:00:00,0.0,0.25,18.2
2025-03-19 02:00:00,0.0,0.25,17.8
2025-03-19 03:00:00,0.0,0.25,17.53
2025-03-19 04:00:00,0.0,0.25,17.04
2025-03-19 05:00:00,0.0,0.25,16.44
2025-03-19 06:00:00,0.0,0.25,15.98
2025-03-19 07:00:00,1.442,0.25,16.79
2025-03-19 08:00:00,0.932,0.25,17.56
2025-03-19 09:00:00,0.692,0.25,17.76
2025-03-19 10:00:00,0.496,0.25,18.58
2025-03-19 11:00:00,0.338,0.25,19.11
2025-03-19 12:00:00,0.214,0.25,19.59
2025-03-19 13:00:00,0.115,0.25,19.88
2025-03-19 14:00:00,0.05,0.25,19.93
2025-03-19 15:00:00,0.008,0.25,20.13
2025-03-19 16:00:00,0.0,0.25,20.12
2025-03-19 17:00:00,0.0,0.65,20.03
2025-03-19 18:00:00,0.0,0.65,20.08
2025-03-19 19:00:00,0.149,0.65,19.97
2025-03-19 20:00:00,0.067,0.65,19.76
2025-03-19 21:00:00,0.126,0.65,19.23
2025-03-19 22:00:00,0.178,0.25,19.37
2025-03-19 23:00:00,0.0,0.25,19.2
2025-03-20 00:00:00,0.0,0.25,18.78
2025-03-20 01:00:00,0.0,0.25,18.44
2025-03-20 02:00:00,0.0,0.25,18.24
2025-03-20 03:00:00,0.0,0.25,17.58
2025-03-20 04:00:00,0.0,0.25,17.14
2025-03-20 05:00:00,0.0,0.25,17.11
2025-03-20 06:00:00,0.0,0.25,17.04
2025-03-20 07:00:00,1.198,0.25,17.59
2025-03-20 08:00:00,0.741,0.25,18.1
2025-03-20 09:00:00,0.542,0.25,18.21
2025-03-20 10:00:00,0.371,0.25,18.95
2025-03-20 11:00:00,0.222,0.25,19.47
2025-03-20 12:00:00,0.103,0.25,19.78
2025-03-20 13:00:00,0.017,0.25,20.1
2025-03-20 14:00:00,0.0,0.25,20.0
2025-03-20 15:00:00,0.0,0.25,20.35
2025-03-20 16:00:00,0.0,0.25,20.52
2025-03-20 17:00:00,0.0,0.65,20.67
2025-03-20 18:00:00,0.0,0.65,20.32
2025-03-20 19:00:00,0.14,0.65,20.33
2025-03-20 20:00:00,0.0,0.65,19.74
2025-03-20 21:00:00,0.0,0.65,19.99
2025-03-20 22:00:00,0.027,0.25,19.78
2025-03-20 23:00:00,0.0,0.25,19.44
2025-03-21 00:00:00,0.0,0.25,19.42
2025-03-21 01:00:00,0.0,0.25,19.11
2025-03-21 02:00:00,0.0,0.25,18.4
2025-03-21 03:00:00,0.0,0.25,18.62
2025-03-21 04:00:00,0.0,0.25,18.12
2025-03-21 05:00:00,0.0,0.25,18.16
2025-03-21 06:00:00,0.0,0.25,17.59
2025-03-21 07:00:00,0.894,0.25,18.1
2025-03-21 08:00:00,0.512,0.25,18.53
2025-03-21 09:00:00,0.358,0.25,19.08
2025-03-21 10:00:00,0.22,0.25,19.45
2025-03-21 11:00:00,0.097,0.25,19.72
2025-03-21 12:00:00,0.009,0.25,19.75
2025-03-21 13:00:00,0.0,0.25,20.03
2025-03-21 14:00:00,0.0,0.25,20.46
2025-03-21 15:00:00,0.0,0.25,20.8
2025-03-21 16:00:00,0.0,0.25,20.84
2025-03-21 17:00:00,0.0,0.65,21.2
2025-03-21 18:00:00,0.0,0.65,21.1
2025-03-21 19:00:00,0.14,0.65,20.99
2025-03-21 20:00:00,0.0,0.65,21.15
2025-03-21 21:00:00,0.0,0.65,21.24
2025-03-21 22:00:00,0.0,0.25,21.22
2025-03-21 23:00:00,0.0,0.25,21.47
2025-03-22 00:00:00,0.0,0.25,20.88
2025-03-22 01:00:00,0.0,0.25,20.91
2025-03-22 02:00:00,0.0,0.25,20.9
2025-03-22 03:00:00,0.0,0.25,20.69
2025-03-22 04:00:00,0.0,0.25,20.47
2025-03-22 05:00:00,0.0,0.25,20.1
2025-03-22 06:00:00,0.0,0.25,20.14
2025-03-22 07:00:00,0.21,0.25,19.9
2025-03-22 08:00:00,0.0,0.25,19.69
2025-03-22 09:00:00,0.0,0.25,19.89
2025-03-22 10:00:00,0.0,0.25,19.92
2025-03-22 11:00:00,0.0,0.25,20.37
2025-03-22 12:00:00,0.0,0.25,20.52
2025-03-22 13:00:00,0.0,0.25,20.36
2025-03-22 14:00:00,0.0,0.25,20.6
2025-03-22 15:00:00,0.0,0.25,20.31
2025-03-22 16:00:00,0.0,0.25,20.58
2025-03-22 17:00:00,0.0,0.65,20.77
2025-03-22 18:00:00,0.0,0.65,20.85
2025-03-22 19:00:00,0.14,0.65,20.48
2025-03-22 20:00:00,0.0,0.65,20.77
2025-03-22 21:00:00,0.0,0.65,20.2
2025-03-22 22:00:00,0.0,0.25,20.14
2025-03-22 23:00:00,0.0,0.25,20.38
2025-03-23 00:00:00,0.0,0.25,20.42
2025-03-23 01:00:00,0.0,0.25,20.03
2025-03-23 02:00:00,0.0,0.25,19.74
2025-03-23 03:00:00,0.0,0.25,19.12
2025-03-23 04:00:00,0.0,0.25,18.98
2025-03-23 05:00:00,0.0,0.25,19.26
2025-03-23 06:00:00,0.0,0.25,19.02
2025-03-23 07:00:00,0.518,0.25,18.91
2025-03-23 08:00:00,0.252,0.25,19.3
2025-03-23 09:00:00,0.195,0.25,19.48
2025-03-23 10:00:00,0.135,0.25,19.83
2025-03-23 11:00:00,0.087,0.25,19.79
2025-03-23 12:00:00,0.062,0.25,20.07
2025-03-23 13:00:00,0.039,0.25,19.9
2025-03-23 14:00:00,0.015,0.25,19.95
2025-03-23 15:00:00,0.0,0.25,20.23
2025-03-23 16:00:00,0.0,0.25,19.84
2025-03-23 17:00:00,0.0,0.65,20.6
2025-03-23 18:00:00,0.0,0.65,20.11
2025-03-23 19:00:00,0.142,0.65,20.07
2025-03-23 20:00:00,0.021,0.65,20.03
2025-03-23 21:00:00,0.042,0.65,20.24
2025-03-23 22:00:00,0.064,0.25,19.96
2025-03-23 23:00:00,0.0,0.25,19.36
2025-03-24 00:00:00,0.0,0.25,19.8
2025-03-24 01:00:00,0.0,0.25,19.26
2025-03-24 02:00:00,0.0,0.25,19.14
2025-03-24 03:00:00,0.0,0.25,18.64
2025-03-24 04:00:00,0.0,0.25,18.74
2025-03-24 05:00:00,0.0,0.25,18.25
2025-03-24 06:00:00,0.0,0.25,18.15
2025-03-24 07:00:00,0.818,0.25,18.24
2025-03-24 08:00:00,0.467,0.25,19.08
2025-03-24 09:00:00,0.351,0.25,19.42
2025-03-24 10:00:00,0.265,0.25,19.27
2025-03-24 11:00:00,0.186,0.25,19.51
2025-03-24 12:00:00,0.103,0.25,19.66
2025-03-24 13:00:00,0.04,0.25,20.13
2025-03-24 14:00:00,0.003,0.25,19.95
2025-03-24 15:00:00,0.0,0.25,19.99
2025-03-24 16:00:00,0.0,0.25,20.26
2025-03-24 17:00:00,0.003,0.65,19.88
2025-03-24 18:00:00,0.04,0.65,19.85
2025-03-24 19:00:00,0.228,0.65,19.4
2025-03-24 20:00:00,0.128,0.65,19.75
2025-03-24 21:00:00,0.159,0.65,19.91
2025-03-24 22:00:00,0.19,0.25,19.57
2025-03-24 23:00:00,0.0,0.25,19.51
2025-03-25 00:00:00,0.0,0.25,18.76
2025-03-25 01:00:00,0.0,0.25,18.7
2025-03-25 02:00:00,0.0,0.25,18.2
2025-03-25 03:00:00,0.0,0.25,18.09
2025-03-25 04:00:00,0.0,0.25,18.04
2025-03-25 05:00:00,0.0,0.25,17.67
2025-03-25 06:00:00,0.0,0.25,17.14
2025-03-25 07:00:00,1.032,0.25,17.44
2025-03-25 08:00:00,0.64,0.25,17.93
2025-03-25 09:00:00,0.504,0.25,18.68
2025-03-25 10:00:00,0.397,0.25,19.3
2025-03-25 11:00:00,0.319,0.25,19.37
2025-03-25 12:00:00,0.26,0.25,18.89
2025-03-25 13:00:00,0.196,0.25,19.75
2025-03-25 14:00:00,0.138,0.25,19.81
2025-03-25 15:00:00,0.112,0.25,19.37
2025-03-25 16:00:00,0.121,0.25,19.57
2025-03-25 17:00:00,0.14,0.65,19.81
2025-03-25 18:00:00,0.147,0.65,19.68
2025-03-25 19:00:00,0.293,0.65,19.29
2025-03-25 20:00:00,0.16,0.65,19.65
2025-03-25 21:00:00,0.166,0.65,19.09
2025-03-25 22:00:00,0.174,0.25,19.44
2025-03-25 23:00:00,0.0,0.25,19.56
2025-03-26 00:00:00,0.0,0.25,19.1
2025-03-26 01:00:00,0.0,0.25,18.76
2025-03-26 02:00:00,0.0,0.25,18.79
2025-03-26 03:00:00,0.0,0.25,18.57
2025-03-26 04:00:00,0.0,0.25,18.4
2025-03-26 05:00:00,0.0,0.25,18.09
2025-03-26 06:00:00,0.0,0.25,17.92
2025-03-26 07:00:00,0.943,0.25,18.1
2025-03-26 08:00:00,0.572,0.25,18.45
2025-03-26 09:00:00,0.452,0.25,18.75
2025-03-26 10:00:00,0.362,0.25,18.93
2025-03-26 11:00:00,0.294,0.25,18.93
2025-03-26 12:00:00,0.231,0.25,19.16
2025-03-26 13:00:00,0.178,0.25,19.44
2025-03-26 14:00:00,0.141,0.25,19.65
2025-03-26 15:00:00,0.109,0.25,19.99
2025-03-26 16:00:00,0.09,0.25,19.73
2025-03-26 17:00:00,0.092,0.65,19.93
2025-03-26 18:00:00,0.1,0.65,19.92
2025-03-26 19:00:00,0.256,0.65,19.6
2025-03-26 20:00:00,0.144,0.65,19.68
2025-03-26 21:00:00,0.184,0.65,19.39
2025-03-26 22:00:00,0.229,0.25,19.57
2025-03-26 23:00:00,0.0,0.25,19.15
2025-03-27 00:00:00,0.0,0.25,18.4
2025-03-27 01:00:00,0.0,0.25,18.27
2025-03-27 02:00:00,0.0,0.25,18.15
2025-03-27 03:00:00,0.0,0.25,17.38
2025-03-27 04:00:00,0.0,0.25,17.1
2025-03-27 05:00:00,0.0,0.25,16.72
2025-03-27 06:00:00,0.0,0.25,16.04
2025-03-27 07:00:00,1.407,0.25,16.76
2025-03-27 08:00:00,0.908,0.25,17.19
2025-03-27 09:00:00,0.666,0.25,18.04
2025-03-27 10:00:00,0.463,0.25,18.95
2025-03-27 11:00:00,0.305,0.25,19.25
2025-03-27 12:00:00,0.184,0.25,19.45
2025-03-27 13:00:00,0.091,0.25,19.86
2025-03-27 14:00:00,0.023,0.25,19.95
2025-03-27 15:00:00,0.0,0.25,20.08
2025-03-27 16:00:00,0.0,0.25,20.28
2025-03-27 17:00:00,0.0,0.65,20.04
2025-03-27 18:00:00,0.0,0.65,20.15
2025-03-27 19:00:00,0.146,0.65,19.92
2025-03-27 20:00:00,0.063,0.65,19.47
2025-03-27 21:00:00,0.122,0.65,19.43
2025-03-27 22:00:00,0.179,0.25,19.76
2025-03-27 23:00:00,0.0,0.25,19.25
2025-03-28 00:00:00,0.0,0.25,18.53
2025-03-28 01:00:00,0.0,0.25,18.12
2025-03-28 02:00:00,0.0,0.25,18.03
2025-03-28 03:00:00,0.0,0.25,17.99
2025-03-28 04:00:00,0.0,0.25,17.28
2025-03-28 05:00:00,0.0,0.25,17.22
2025-03-28 06:00:00,0.0,0.25,16.69
2025-03-28 07:00:00,1.284,0.25,17.1
2025-03-28 08:00:00,0.824,0.25,17.43
2025-03-28 09:00:00,0.639,0.25,18.4
2025-03-28 10:00:00,0.497,0.25,18.54
2025-03-28 11:00:00,0.388,0.25,19.08
2025-03-28 12:00:00,0.289,0.25,19.04
2025-03-28 13:00:00,0.197,0.25,19.5
2025-03-28 14:00:00,0.152,0.25,19.63
2025-03-28 15:00:00,0.145,0.25,19.55
2025-03-28 16:00:00,0.146,0.25,19.65
2025-03-28 17:00:00,0.146,0.65,19.52
2025-03-28 18:00:00,0.148,0.65,19.43
2025-03-28 19:00:00,0.296,0.65,19.86
2025-03-28 20:00:00,0.165,0.65,19.72
2025-03-28 21:00:00,0.173,0.65,19.34
2025-03-28 22:00:00,0.187,0.25,19.56
2025-03-28 23:00:00,0.0,0.25,19.12
2025-03-29 00:00:00,0.0,0.25,18.77
2025-03-29 01:00:00,0.0,0.25,18.92
2025-03-29 02:00:00,0.0,0.25,18.08
2025-03-29 03:00:00,0.0,0.25,18.31
2025-03-29 04:00:00,0.0,0.25,17.77
2025-03-29 05:00:00,0.0,0.25,17.48
2025-03-29 06:00:00,0.0,0.25,17.3
2025-03-29 07:00:00,1.099,0.25,17.64
2025-03-29 08:00:00,0.667,0.25,17.98
2025-03-29 09:00:00,0.49,0.25,18.79
2025-03-29 10:00:00,0.352,0.25,19.05
2025-03-29 11:00:00,0.254,0.25,19.04
2025-03-29 12:00:00,0.192,0.25,19.43
2025-03-29 13:00:00,0.138,0.25,19.9
2025-03-29 14:00:00,0.088,0.25,20.1
2025-03-29 15:00:00,0.057,0.25,19.99
2025-03-29 16:00:00,0.046,0.25,19.62
2025-03-29 17:00:00,0.054,0.65,19.94
2025-03-29 18:00:00,0.075,0.65,19.93
2025-03-29 19:00:00,0.251,0.65,19.8
2025-03-29 20:00:00,0.144,0.65,19.72
2025-03-29 21:00:00,0.167,0.65,19.58
2025-03-29 22:00:00,0.188,0.25,19.42
2025-03-29 23:00:00,0.0,0.25,19.14
2025-03-30 00:00:00,0.0,0.25,18.64
2025-03-30 01:00:00,0.0,0.25,18.86
2025-03-30 02:00:00,0.0,0.25,18.6
2025-03-30 03:00:00,0.0,0.25,18.44
2025-03-30 04:00:00,0.0,0.25,17.84
2025-03-30 05:00:00,0.0,0.25,18.05
2025-03-30 06:00:00,0.0,0.25,18.18
2025-03-30 07:00:00,0.911,0.25,18.06
2025-03-30 08:00:00,0.532,0.25,18.5
2025-03-30 09:00:00,0.4,0.25,18.95
2025-03-30 10:00:00,0.289,0.25,19.61
2025-03-30 11:00:00,0.204,0.25,19.23
2025-03-30 12:00:00,0.147,0.25,19.63
2025-03-30 13:00:00,0.099,0.25,19.58
2025-03-30 14:00:00,0.06,0.25,19.73
2025-03-30 15:00:00,0.042,0.25,19.87
2025-03-30 16:00:00,0.047,0.25,20.12
2025-03-30 17:00:00,0.066,0.65,20.16
2025-03-30 18:00:00,0.082,0.65,19.84
2025-03-30 19:00:00,0.24,0.65,19.62
2025-03-30 20:00:00,0.116,0.65,20.15
2025-03-30 21:00:00,0.131,0.65,19.52
2025-03-30 22:00:00,0.153,0.25,19.43
2025-03-30 23:00:00,0.0,0.25,19.01
2025-03-31 00:00:00,0.0,0.25,19.4
2025-03-31 01:00:00,0.0,0.25,19.08
2025-03-31 02:00:00,0.0,0.25,19.12
2025-03-31 03:00:00,0.0,0.25,18.12
2025-03-31 04:00:00,0.0,0.25,18.46
2025-03-31 05:00:00,0.0,0.25,17.96
2025-03-31 06:00:00,0.0,0.25,17.89
2025-03-31 07:00:00,0.933,0.25,17.65
2025-03-31 08:00:00,0.552,0.25,18.75
2025-03-31 09:00:00,0.416,0.25,19.0
2025-03-31 10:00:00,0.296,0.25,19.18
2025-03-31 11:00:00,0.203,0.25,19.57
2025-03-31 12:00:00,0.136,0.25,19.48
2025-03-31 13:00:00,0.078,0.25,19.68
2025-03-31 14:00:00,0.035,0.25,19.82
2025-03-31 15:00:00,0.014,0.25,19.59
2025-03-31 16:00:00,0.013,0.25,20.13
2025-03-31 17:00:00,0.024,0.65,20.16
2025-03-31 18:00:00,0.047,0.65,19.71
2025-03-31 19:00:00,0.223,0.65,19.81
2025-03-31 20:00:00,0.121,0.65,19.58
2025-03-31 21:00:00,0.157,0.65,19.59
2025-03-31 22:00:00,0.196,0.25,19.28
2025-03-31 23:00:00,0.0,0.25,19.0
2025-04-01 00:00:00,0.0,0.25,19.06
